block,trial,flankers,firstTime,firstValue,detectTime,detectValue,timeDifferent
practice,1,incongruent,0.653021097183,-0.992187261574,0.6810131073,-0.458845789972,0.02799201011699992
practice,2,neutral,0.698417901993,-0.89806817835,0.726410865784,-0.419629505295,0.027992963791000025
practice,3,incongruent,0.794651985168,-0.866695150609,0.814692974091,-0.435316019166,0.020040988923000103
practice,4,incongruent,0.548738002777,-0.937284463027,0.568765878677,-0.396099734489,0.020027875899999992
practice,5,neutral,0.546557188034,-0.945127719962,0.57454419136,-0.403942991424,0.027987003326000015
practice,6,congruent,0.594640016556,-0.968657490768,0.622678995132,-0.41178624836,0.028038978576000018
practice,7,neutral,0.610883951187,-0.945127719962,0.638869047165,-0.42747276223,0.02798509597800003
practice,8,neutral,0.874608039856,-0.913754692221,0.902653932571,-0.364726706748,0.02804589271500002
practice,9,neutral,0.722599983215,-0.968657490768,0.766570091248,-0.41178624836,0.043970108033000055
practice,10,congruent,0.466559886932,-0.945127719962,0.52253985405,-0.458845789972,0.05597996711800002
practice,11,neutral,0.511807203293,-0.976500747703,0.547800064087,-0.458845789972,0.03599286079399999
practice,12,congruent,0.434671878815,-0.890224921415,0.462682962418,-0.372569963683,0.028011083602999975
practice,13,incongruent,0.674603939056,-0.913754692221,0.69464302063,-0.451002533036,0.02003908157400003
practice,14,neutral,0.586561918259,-0.952970976897,0.614563941956,-0.42747276223,0.028002023697
practice,15,incongruent,0.602209806442,-0.945127719962,0.622162818909,-0.482375560778,0.019953012467000097
practice,16,neutral,0.554718017578,-0.905911435286,0.582750082016,-0.42747276223,0.028032064437999993
practice,17,congruent,0.658565998077,-0.945127719962,0.678572893143,-0.419629505295,0.020006895065999952
practice,18,neutral,0.518615007401,-0.921597949156,0.542557954788,-0.466689046907,0.02394294738699998
practice,19,neutral,0.466496229172,-0.937284463027,0.494467020035,-0.372569963683,0.027970790862999972
practice,20,neutral,0.462447881699,-0.913754692221,0.482424020767,-0.364726706748,0.019976139068
practice,21,neutral,0.432710886002,-0.945127719962,0.460758924484,-0.364726706748,0.02804803848200005
practice,22,congruent,0.454369068146,-0.945127719962,0.474369049072,-0.466689046907,0.019999980926000027
practice,23,congruent,0.446739196777,-0.913754692221,0.470707178116,-0.498062074648,0.023967981338999966
practice,24,incongruent,0.530737161636,-0.921597949156,0.550755977631,-0.458845789972,0.020018815994999994
practice,25,neutral,0.52667093277,-0.890224921415,0.546656847,-0.419629505295,0.019985914229999957
practice,26,congruent,0.794363975525,-0.945127719962,0.814389944077,-0.498062074648,0.020025968552000006
practice,27,neutral,0.603016138077,-0.913754692221,0.622984170914,-0.41178624836,0.019968032836999994
practice,28,incongruent,0.786493062973,-0.835322122868,0.798533916473,-0.443159276101,0.012040853499999948
practice,29,neutral,0.610868215561,-0.952970976897,0.638881206512,-0.474532303842,0.02801299095099996
practice,30,neutral,0.530729055405,-0.976500747703,0.582738161087,-0.451002533036,0.05200910568200001
practice,31,congruent,0.874672889709,-0.952970976897,0.902657032013,-0.403942991424,0.027984142303999926
practice,32,incongruent,0.558589935303,-0.913754692221,0.594609022141,-0.443159276101,0.036019086837999925
1,1,congruent,0.47266292572,-0.905911435286,0.496661901474,-0.356883449812,0.023998975754000007
1,2,neutral,0.62232208252,-0.921597949156,0.650337934494,-0.474532303842,0.028015851974000028
1,3,neutral,0.638483047485,-0.890224921415,0.658473968506,-0.372569963683,0.019990921021000085
1,4,neutral,0.482710838318,-0.921597949156,0.502730846405,-0.333353679006,0.020020008086999996
1,5,neutral,0.526631116867,-0.913754692221,0.54661488533,-0.474532303842,0.019983768462999985
1,6,neutral,0.506075143814,-0.945127719962,0.534070014954,-0.372569963683,0.02799487113999999
1,7,congruent,0.630967855453,-0.921597949156,0.650934934616,-0.458845789972,0.019967079163
1,8,incongruent,0.586808919907,-0.921597949156,0.614796876907,-0.482375560778,0.027987957000000008
1,9,neutral,0.798538208008,-0.929441206091,0.822583198547,-0.482375560778,0.024044990539
1,10,congruent,0.510458946228,-0.89806817835,0.5304210186,-0.458845789972,0.019962072371999984
1,11,incongruent,0.554561138153,-0.913754692221,0.582612037659,-0.41178624836,0.028050899506000038
1,12,neutral,0.630616903305,-0.952970976897,0.658627033234,-0.42747276223,0.028010129928999983
1,13,neutral,0.483052015305,-0.89806817835,0.511070013046,-0.380413220618,0.028017997740999945
1,14,neutral,0.442631959915,-0.905911435286,0.47464299202,-0.435316019166,0.032011032105000004
1,15,neutral,0.506676912308,-0.913754692221,0.526677846909,-0.482375560778,0.020000934600999942
1,16,incongruent,0.498591899872,-0.945127719962,0.518589019775,-0.458845789972,0.01999711990300007
1,17,neutral,0.582710027695,-0.945127719962,0.602745056152,-0.42747276223,0.020035028457000004
1,18,incongruent,0.558596849442,-0.992187261574,0.582563877106,-0.490218817713,0.02396702766399994
1,19,congruent,0.382617950439,-0.89806817835,0.410608053207,-0.403942991424,0.027990102768000014
1,20,neutral,0.52693605423,-0.937284463027,0.55492401123,-0.42747276223,0.027987957000000008
1,21,neutral,0.594660997391,-0.890224921415,0.62264919281,-0.458845789972,0.027988195418999995
1,22,neutral,0.450613975525,-0.976500747703,0.470579862595,-0.42747276223,0.01996588707000002
1,23,neutral,0.670639038086,-0.937284463027,0.694628000259,-0.451002533036,0.02398896217299995
1,24,congruent,0.391152143478,-0.921597949156,0.419109106064,-0.372569963683,0.027956962586
1,25,congruent,0.554573059082,-0.960814233833,0.582571983337,-0.458845789972,0.027998924254999946
1,26,congruent,0.838743925095,-0.890224921415,0.86273598671,-0.42747276223,0.023992061615000004
1,27,incongruent,0.454560041428,-0.960814233833,0.482582092285,-0.419629505295,0.02802205085699999
1,28,incongruent,0.551383018494,-0.937284463027,0.579368114471,-0.388256477554,0.027985095977000052
1,29,congruent,0.686756849289,-0.921597949156,0.710751771927,-0.458845789972,0.02399492263799996
1,30,incongruent,0.782209873199,-0.913754692221,0.802186012268,-0.435316019166,0.019976139068999976
1,31,incongruent,0.526614904404,-0.874538407544,0.546550989151,-0.42747276223,0.019936084746999927
1,32,neutral,0.574652194977,-0.913754692221,0.61865901947,-0.490218817713,0.044006824492999974
2,1,neutral,0.749145030975,-0.945127719962,0.785115003586,-0.396099734489,0.03596997261099999
2,2,neutral,0.670691013336,-0.929441206091,0.726634025574,-0.490218817713,0.05594301223800002
2,3,neutral,0.798702955246,-0.890224921415,0.826667785645,-0.466689046907,0.027964830398999996
2,4,neutral,0.710093021393,-0.976500747703,0.75808095932,-0.482375560778,0.04798793792699996
2,5,incongruent,0.414412975311,-0.929441206091,0.462411165237,-0.498062074648,0.04799818992599997
2,6,incongruent,0.512820959091,-0.937284463027,0.55676984787,-0.419629505295,0.04394888877899994
2,7,neutral,0.677971839905,-0.945127719962,0.705959796906,-0.41178624836,0.027987957000999986
2,8,congruent,0.336825847626,-0.984344004639,0.736796855927,-0.443159276101,0.39997100830099996
2,9,neutral,0.874688863754,-0.992187261574,0.918711900711,-0.435316019166,0.04402303695699994
2,10,neutral,0.462613105774,-0.968657490768,0.490621089935,-0.498062074648,0.028007984160999977
2,11,neutral,0.546517848969,-0.937284463027,0.582556962967,-0.42747276223,0.03603911399799997
2,12,congruent,0.520537853241,-0.976500747703,0.548554897308,-0.443159276101,0.028017044067000008
2,13,congruent,0.430685043335,-0.945127719962,0.458724975586,-0.403942991424,0.028039932250999988
2,14,neutral,0.430548906326,-0.929441206091,0.450485944748,-0.466689046907,0.01993703842200001
2,15,congruent,0.790663003922,-0.890224921415,0.810636043549,-0.364726706748,0.019973039627000033
2,16,neutral,0.570740938187,-0.921597949156,0.598756074905,-0.356883449812,0.028015136718000044
2,17,neutral,0.510679006577,-0.890224921415,0.530684947968,-0.419629505295,0.02000594139099998
2,18,congruent,0.502640008926,-0.929441206091,0.530657052994,-0.372569963683,0.028017044067999985
2,19,congruent,0.430715084076,-0.921597949156,0.458687067032,-0.443159276101,0.027971982956000008
2,20,incongruent,0.726279973984,-0.976500747703,0.754250049591,-0.356883449812,0.027970075606999933
2,21,incongruent,0.39851808548,-0.945127719962,0.43456196785,-0.498062074648,0.03604388237
2,22,incongruent,0.590864896774,-0.937284463027,0.622821807861,-0.388256477554,0.03195691108700005
2,23,congruent,0.584683895111,-0.913754692221,0.620694875717,-0.482375560778,0.03601098060599994
2,24,incongruent,0.826771020889,-0.929441206091,0.86278295517,-0.482375560778,0.036011934281000024
2,25,neutral,0.594580173492,-0.89806817835,0.622577190399,-0.498062074648,0.02799701690699996
2,26,neutral,0.57474899292,-0.89806817835,0.594751834869,-0.466689046907,0.020002841948999928
2,27,congruent,0.370874166489,-0.921597949156,0.398849010468,-0.356883449812,0.027974843978999964
2,28,incongruent,0.706547021866,-0.921597949156,0.734568119049,-0.458845789972,0.028021097182999943
2,29,incongruent,0.515040874481,-0.89806817835,0.535043954849,-0.498062074648,0.020003080368000026
2,30,neutral,0.554415941238,-0.929441206091,0.582441806793,-0.458845789972,0.028025865554999974
2,31,neutral,0.886693000793,-0.960814233833,0.914655923843,-0.435316019166,0.027962923050000033
2,32,neutral,0.491000890732,-0.945127719962,0.527026891708,-0.419629505295,0.036026000976000006
3,1,incongruent,0.868973970413,-0.929441206091,0.904933929443,-0.443159276101,0.035959959030000044
3,2,congruent,0.435081958771,-0.984344004639,0.463040828705,-0.458845789972,0.02795886993400004
3,3,neutral,0.566498994827,-0.929441206091,0.594504117966,-0.403942991424,0.028005123139000054
3,4,congruent,0.454739093781,-0.913754692221,0.490751028061,-0.443159276101,0.03601193427999999
3,5,incongruent,0.538591146469,-0.952970976897,0.56659412384,-0.380413220618,0.028002977370999993
3,6,neutral,0.370689153671,-0.905911435286,0.406658172607,-0.474532303842,0.035969018935999963
3,7,incongruent,0.534796953201,-0.945127719962,0.566774845123,-0.403942991424,0.03197789192200007
3,8,congruent,0.518652915955,-0.945127719962,0.546650886536,-0.458845789972,0.027997970581000065
3,9,neutral,0.574386119843,-0.952970976897,0.594368934631,-0.443159276101,0.019982814788000014
3,10,incongruent,0.554803848267,-0.945127719962,0.582751989365,-0.396099734489,0.027948141097999923
3,11,neutral,0.454884052277,-0.921597949156,0.482877016068,-0.490218817713,0.02799296379099997
3,12,congruent,0.546504974365,-0.945127719962,0.582470178604,-0.403942991424,0.03596520423899996
3,13,incongruent,0.426288127899,-0.921597949156,0.45428609848,-0.403942991424,0.02799797058100001
3,14,neutral,0.49868106842,-0.945127719962,0.526699066162,-0.42747276223,0.028017997742000034
3,15,incongruent,0.558593034744,-0.921597949156,0.582612037659,-0.458845789972,0.02401900291500003
3,16,congruent,0.634841918945,-0.968657490768,0.67084312439,-0.372569963683,0.03600120544500007
3,17,congruent,0.406456947327,-0.929441206091,0.434448957443,-0.451002533036,0.027992010116
3,18,neutral,0.398805856705,-0.913754692221,0.426803827286,-0.498062074648,0.02799797058100001
3,19,congruent,0.36265206337,-0.913754692221,0.386651992798,-0.466689046907,0.023999929428
3,20,neutral,0.482510089874,-0.945127719962,0.522526025772,-0.474532303842,0.04001593589800001
3,21,neutral,0.4346139431,-0.984344004639,0.486585855484,-0.458845789972,0.05197191238400001
3,22,incongruent,0.402290821075,-0.913754692221,0.454293966293,-0.490218817713,0.05200314521799998
3,23,neutral,0.434977054596,-0.968657490768,0.866972923279,-0.498062074648,0.431995868683
3,24,neutral,0.574568033218,-0.945127719962,0.60255408287,-0.482375560778,0.027986049652000022
3,25,neutral,0.478564023972,-0.921597949156,0.538516044617,-0.498062074648,0.05995202064499999
3,26,neutral,0.490494966507,-0.976500747703,1.03049111366,-0.466689046907,0.5399961471529999
3,27,neutral,0.788624048233,-0.890224921415,0.816610097885,-0.498062074648,0.027986049652000022
3,28,neutral,0.378813028336,-0.921597949156,0.446851968765,-0.490218817713,0.068038940429
3,29,congruent,0.426403999329,-0.937284463027,0.470399141312,-0.474532303842,0.043995141982999975
3,30,neutral,0.442852973938,-0.929441206091,0.470817089081,-0.490218817713,0.027964115143000012
3,31,incongruent,0.790324926376,-0.945127719962,0.810332775116,-0.435316019166,0.020007848739999945
3,32,neutral,0.646563053131,-0.921597949156,0.686592102051,-0.482375560778,0.04002904891999992
4,1,neutral,1.02530097961,-0.913754692221,1.06528902054,-0.490218817713,0.03998804092999997
4,2,incongruent,0.490688085556,-0.905911435286,0.51865696907,-0.364726706748,0.02796888351400001
4,3,congruent,0.676034927368,-0.945127719962,0.716070890427,-0.498062074648,0.040035963059000035
4,4,incongruent,0.46270108223,-0.937284463027,0.50669503212,-0.42747276223,0.043993949889999995
4,5,congruent,0.510939836502,-0.945127719962,0.902862787247,-0.42747276223,0.39192295074499994
4,6,congruent,0.442589998245,-0.937284463027,0.470598936081,-0.490218817713,0.028008937836000003
4,7,congruent,0.446833848953,-0.937284463027,0.474813938141,-0.388256477554,0.02798008918799999
4,8,neutral,0.45653796196,-0.89806817835,0.476531028748,-0.341196935942,0.019993066788000002
4,9,neutral,0.442932128906,-0.874538407544,0.462964057922,-0.458845789972,0.02003192901600004
4,10,neutral,0.442778110504,-0.952970976897,0.470780134201,-0.458845789972,0.028002023697
4,11,neutral,0.538061141968,-0.945127719962,0.566072940826,-0.490218817713,0.02801179885799998
4,12,incongruent,0.618703842163,-0.945127719962,0.650697946548,-0.435316019166,0.031994104384999944
4,13,neutral,0.510700941086,-0.945127719962,0.554658889771,-0.42747276223,0.043957948685000026
4,14,neutral,0.358714103699,-0.937284463027,0.390705108643,-0.419629505295,0.031991004944000034
4,15,neutral,0.574724912643,-0.905911435286,0.598726987839,-0.41178624836,0.02400207519600006
4,16,incongruent,0.614547967911,-0.929441206091,0.894521951675,-0.396099734489,0.27997398376400007
4,17,neutral,0.428545951843,-0.890224921415,0.452522993088,-0.458845789972,0.023977041244999997
4,18,neutral,0.494861125946,-0.929441206091,0.538824081421,-0.466689046907,0.04396295547500001
4,19,neutral,0.474570989609,-0.929441206091,0.510581970215,-0.458845789972,0.03601098060599994
4,20,incongruent,0.434818029404,-0.929441206091,0.462851047516,-0.419629505295,0.028033018111999985
4,21,congruent,0.390658855438,-0.913754692221,0.418674945831,-0.466689046907,0.028016090393000015
4,22,neutral,0.566627979279,-0.874538407544,0.590614080429,-0.349040192877,0.023986101149999994
4,23,congruent,0.566354990005,-0.905911435286,0.58629488945,-0.419629505295,0.019939899444999964
4,24,congruent,0.618545055389,-0.952970976897,0.650521993637,-0.403942991424,0.031976938248000075
4,25,congruent,0.443055152893,-0.929441206091,0.471032142639,-0.42747276223,0.02797698974599999
4,26,neutral,0.630625963211,-0.937284463027,0.658620119095,-0.396099734489,0.027994155884000005
4,27,neutral,0.498541116714,-0.921597949156,0.530484199524,-0.490218817713,0.03194308281000008
4,28,incongruent,0.542557954788,-0.929441206091,0.570585012436,-0.372569963683,0.028027057648000064
4,29,neutral,0.726753950119,-0.905911435286,0.754747867584,-0.498062074648,0.027993917465000018
4,30,neutral,0.878568887711,-0.945127719962,1.50250887871,-0.474532303842,0.6239399909990001
4,31,incongruent,0.650646924973,-0.945127719962,0.686651945114,-0.42747276223,0.03600502014099993
4,32,incongruent,0.486480951309,-0.960814233833,0.530506849289,-0.490218817713,0.04402589798000006
5,1,neutral,1.22573494911,-0.976500747703,1.27770090103,-0.443159276101,0.051965951919999975
5,2,incongruent,0.482333898544,-0.921597949156,0.518349885941,-0.419629505295,0.03601598739699996
5,3,incongruent,0.706705093384,-0.945127719962,0.754750967026,-0.482375560778,0.04804587364199997
5,4,neutral,0.538690090179,-0.960814233833,0.566657066345,-0.356883449812,0.02796697616599997
5,5,congruent,0.442844867706,-0.937284463027,0.482808828354,-0.435316019166,0.03996396064800001
5,6,neutral,0.458664894104,-0.921597949156,0.486635923386,-0.482375560778,0.02797102928199996
5,7,neutral,0.447061061859,-0.890224921415,0.475051879883,-0.419629505295,0.027990818023999997
5,8,incongruent,0.4829890728,-0.952970976897,0.518933057785,-0.458845789972,0.03594398498500001
5,9,congruent,0.342689990997,-0.929441206091,0.378667831421,-0.458845789972,0.03597784042400004
5,10,incongruent,0.411116123199,-0.905911435286,0.439095973969,-0.458845789972,0.027979850770000037
5,11,incongruent,0.534492015839,-0.89806817835,0.562501907349,-0.458845789972,0.028009891509999996
5,12,incongruent,0.446633815765,-0.937284463027,0.474581003189,-0.466689046907,0.027947187423999986
5,13,neutral,0.570842981339,-0.976500747703,0.602864980698,-0.419629505295,0.032021999358999964
5,14,congruent,0.766540050507,-0.937284463027,0.806560993195,-0.443159276101,0.04002094268799994
5,15,congruent,0.59414601326,-0.976500747703,0.622157096863,-0.356883449812,0.028011083602999975
5,16,neutral,0.770452976227,-0.905911435286,0.806444883347,-0.396099734489,0.03599190712
5,17,incongruent,0.68665599823,-0.89806817835,0.714653015137,-0.41178624836,0.02799701690699996
5,18,neutral,1.27475810051,-0.890224921415,1.29875707626,-0.356883449812,0.023998975750000096
5,19,neutral,0.578701972961,-0.913754692221,0.622681856155,-0.466689046907,0.043979883194000036
5,20,congruent,0.530569076538,-0.945127719962,0.574569940567,-0.435316019166,0.04400086402899994
5,21,neutral,0.558593034744,-0.960814233833,0.622606039047,-0.466689046907,0.06401300430299994
5,22,neutral,0.646575927734,-0.929441206091,0.674607992172,-0.388256477554,0.028032064437999993
5,23,congruent,0.658671855927,-0.929441206091,0.686631917953,-0.482375560778,0.0279600620260001
5,24,incongruent,0.550168037415,-0.945127719962,0.586140871048,-0.42747276223,0.03597283363299997
5,25,neutral,0.58265209198,-0.921597949156,0.61860704422,-0.474532303842,0.035954952240000004
5,26,neutral,0.56680893898,-0.913754692221,0.586815834045,-0.443159276101,0.020006895065000085
5,27,congruent,0.3907289505,-0.992187261574,0.890700817108,-0.443159276101,0.49997186660799997
5,28,neutral,0.382639884949,-0.937284463027,0.410621881485,-0.435316019166,0.02798199653600003
5,29,congruent,0.458551883698,-0.929441206091,0.490548849106,-0.466689046907,0.03199696540800001
5,30,neutral,0.520373821259,-0.976500747703,1.06835389137,-0.372569963683,0.5479800701109999
5,31,neutral,0.538612127304,-0.952970976897,0.582622051239,-0.498062074648,0.04400992393500003
5,32,neutral,0.586801052094,-0.937284463027,0.606827974319,-0.474532303842,0.02002692222500002
6,1,congruent,0.685517787933,-0.913754692221,0.729522943497,-0.466689046907,0.044005155563999976
6,2,incongruent,0.426629066467,-0.88238166448,0.446619033813,-0.498062074648,0.019989967346000004
6,3,incongruent,0.478368997574,-0.968657490768,0.50634598732,-0.372569963683,0.027976989746000047
6,4,neutral,0.502637863159,-0.945127719962,0.530661821365,-0.42747276223,0.0280239582059999
6,5,neutral,0.490535974503,-0.921597949156,0.518490076065,-0.435316019166,0.027954101561999956
6,6,congruent,0.427205085754,-0.945127719962,0.463182926178,-0.498062074648,0.035977840423999985
6,7,incongruent,0.390537977219,-0.952970976897,0.686543941498,-0.490218817713,0.296005964279
6,8,neutral,0.498739004135,-0.929441206091,0.518744945526,-0.419629505295,0.020005941391000037
6,9,incongruent,0.59458398819,-0.937284463027,0.630566120148,-0.466689046907,0.03598213195799993
6,10,neutral,0.530496835709,-0.913754692221,0.558532953262,-0.372569963683,0.02803611755300006
6,11,congruent,0.510802030563,-0.89806817835,0.546748876572,-0.498062074648,0.035946846009
6,12,neutral,0.506703853607,-0.968657490768,0.534713983536,-0.388256477554,0.028010129928999983
6,13,congruent,0.426450967789,-0.968657490768,0.462733983994,-0.388256477554,0.03628301620500002
6,14,neutral,0.602243900299,-0.984344004639,0.650186061859,-0.451002533036,0.047942161559999974
6,15,neutral,0.502287149429,-0.968657490768,0.538285017014,-0.403942991424,0.03599786758500001
6,16,neutral,0.674772024155,-0.890224921415,0.702799081802,-0.451002533036,0.028027057646999975
6,17,incongruent,0.511491060257,-0.937284463027,0.543518066406,-0.396099734489,0.032027006149000004
6,18,neutral,0.499437093735,-0.937284463027,0.535416126251,-0.466689046907,0.03597903251599999
6,19,incongruent,0.462612867355,-0.937284463027,0.50260591507,-0.498062074648,0.03999304771499995
6,20,congruent,0.45095705986,-0.945127719962,0.490937948227,-0.482375560778,0.03998088836699998
6,21,incongruent,0.583412885666,-0.905911435286,0.611403942108,-0.41178624836,0.02799105644199995
6,22,neutral,0.602657079697,-0.945127719962,0.638668060303,-0.388256477554,0.036010980606000054
6,23,congruent,0.718729972839,-0.952970976897,0.754727840424,-0.435316019166,0.03599786758500001
6,24,neutral,0.638844013214,-0.929441206091,0.686825037003,-0.482375560778,0.047981023789000044
6,25,neutral,0.706480026245,-0.937284463027,0.750497102737,-0.498062074648,0.04401707649200004
6,26,neutral,0.750998020172,-0.921597949156,0.77898311615,-0.458845789972,0.02798509597800003
6,27,neutral,1.32267999649,-0.937284463027,1.80664610863,-0.466689046907,0.48396611214000007
6,28,neutral,0.730563879013,-0.929441206091,0.778524875641,-0.482375560778,0.04796099662800002
6,29,congruent,0.498934030533,-0.937284463027,0.534940004349,-0.403942991424,0.036005973816000014
6,30,congruent,0.92233300209,-0.952970976897,0.970299005508,-0.482375560778,0.04796600341799995
6,31,incongruent,0.430727958679,-0.937284463027,0.478744029999,-0.482375560778,0.04801607132000002
6,32,neutral,0.554033041,-0.945127719962,0.582025051117,-0.498062074648,0.027992010117000032
7,1,congruent,0.585277080536,-0.945127719962,0.629218101501,-0.451002533036,0.043941020964999966
7,2,incongruent,0.482753038406,-0.984344004639,0.538732051849,-0.498062074648,0.05597901344299999
7,3,neutral,0.442543029785,-0.890224921415,0.462568998337,-0.466689046907,0.020025968552000006
7,4,neutral,0.462206125259,-0.945127719962,0.902204036713,-0.364726706748,0.43999791145399997
7,5,neutral,0.414463996887,-0.921597949156,0.434475898743,-0.498062074648,0.020011901856000047
7,6,neutral,0.962772130966,-0.945127719962,1.00275015831,-0.466689046907,0.03997802734400002
7,7,neutral,0.482865095139,-0.937284463027,0.506860971451,-0.435316019166,0.023995876311999953
7,8,neutral,0.586374044418,-0.921597949156,0.606365203857,-0.498062074648,0.019991159438999984
7,9,incongruent,0.498782157898,-0.921597949156,0.546715021133,-0.443159276101,0.047932863234999956
7,10,neutral,0.64702296257,-0.913754692221,0.674998998642,-0.458845789972,0.027976036071999943
7,11,incongruent,0.57452917099,-0.929441206091,0.602588176727,-0.396099734489,0.028059005737000042
7,12,neutral,0.502737998962,-0.945127719962,0.538726806641,-0.403942991424,0.035988807679000034
7,13,incongruent,0.574512004852,-0.945127719962,0.610518932343,-0.419629505295,0.036006927490999985
7,14,neutral,0.576490879059,-0.929441206091,0.604504823685,-0.42747276223,0.028013944626000042
7,15,neutral,0.566509962082,-0.960814233833,0.60647892952,-0.474532303842,0.03996896743800005
7,16,neutral,0.567339897156,-0.929441206091,0.599361896515,-0.388256477554,0.032021999359000075
7,17,incongruent,0.650571107864,-0.945127719962,0.686593055725,-0.42747276223,0.03602194786099999
7,18,incongruent,0.566657066345,-0.921597949156,0.594666957855,-0.419629505295,0.028009891509999996
7,19,incongruent,0.490758895874,-0.945127719962,0.518771886826,-0.458845789972,0.02801299095199994
7,20,neutral,0.606559038162,-0.905911435286,0.634562015533,-0.380413220618,0.028002977370999993
7,21,neutral,0.546939134598,-0.921597949156,0.582935094833,-0.42747276223,0.03599596023499996
7,22,neutral,0.446758031845,-0.976500747703,0.490758895874,-0.419629505295,0.044000864029
7,23,neutral,0.490780115128,-0.952970976897,1.03075289726,-0.403942991424,0.539972782132
7,24,congruent,0.436643838882,-0.945127719962,0.472651958466,-0.403942991424,0.03600811958400002
7,25,neutral,0.574477910995,-0.937284463027,0.61442399025,-0.498062074648,0.039946079255000044
7,26,congruent,0.538532972336,-0.890224921415,0.566524982452,-0.419629505295,0.027992010116000055
7,27,congruent,0.594315052032,-0.921597949156,0.630283117294,-0.458845789972,0.035968065262000026
7,28,congruent,0.590865850449,-0.921597949156,0.622828960419,-0.474532303842,0.03196310997000007
7,29,congruent,0.646644115448,-0.921597949156,0.682616949081,-0.435316019166,0.03597283363299997
7,30,congruent,0.602602958679,-0.929441206091,0.630565881729,-0.466689046907,0.02796292304999992
7,31,congruent,0.510607004166,-0.937284463027,0.546612024307,-0.458845789972,0.03600502014099993
7,32,incongruent,0.578711986542,-0.976500747703,0.61473608017,-0.419629505295,0.036024093628000076
8,1,incongruent,0.638502120972,-0.929441206091,0.658532142639,-0.474532303842,0.020030021666999964
8,2,congruent,0.787724971771,-0.929441206091,0.807749032974,-0.466689046907,0.020024061203000043
8,3,neutral,0.499492168427,-0.945127719962,0.53548002243,-0.42747276223,0.03598785400300003
8,4,neutral,0.492764949799,-0.945127719962,0.520786046982,-0.498062074648,0.028021097183000054
8,5,neutral,0.494560003281,-0.929441206091,0.522561073303,-0.372569963683,0.02800107002199992
8,6,congruent,0.618741989136,-0.905911435286,0.646741867065,-0.474532303842,0.02799987792900005
8,7,neutral,0.406321048737,-0.945127719962,0.462327003479,-0.498062074648,0.05600595474200004
8,8,neutral,0.575036048889,-0.976500747703,0.606969833374,-0.42747276223,0.03193378448500006
8,9,congruent,0.542752027512,-0.945127719962,0.602774143219,-0.498062074648,0.060022115707
8,10,congruent,0.574698925018,-0.89806817835,0.602639913559,-0.403942991424,0.027940988541000022
8,11,congruent,0.442505121231,-0.929441206091,0.470547914505,-0.443159276101,0.028042793274
8,12,neutral,0.786729812622,-0.937284463027,0.818758010864,-0.419629505295,0.03202819824199998
8,13,incongruent,0.454793214798,-0.976500747703,0.478765010834,-0.482375560778,0.023971796036000026
8,14,incongruent,0.746600151062,-0.929441206091,0.774618148804,-0.435316019166,0.02801799774200009
8,15,congruent,0.458655118942,-0.913754692221,0.486587047577,-0.41178624836,0.027931928634999992
8,16,neutral,0.634402990341,-0.929441206091,0.670428991318,-0.419629505295,0.03602600097700004
8,17,neutral,0.702315807343,-0.929441206091,0.730333805084,-0.396099734489,0.028017997741
8,18,neutral,0.744459867477,-0.921597949156,0.776441812515,-0.443159276101,0.031981945038000004
8,19,neutral,0.638597011566,-0.929441206091,0.67454791069,-0.451002533036,0.03595089912399996
8,20,congruent,0.5266020298,-0.992187261574,0.558574914932,-0.482375560778,0.03197288513199992
8,21,neutral,0.506839990616,-0.929441206091,0.554785013199,-0.482375560778,0.04794502258299993
8,22,incongruent,0.646714925766,-0.952970976897,0.674696922302,-0.435316019166,0.027981996535999976
8,23,incongruent,0.486765146255,-0.921597949156,0.522759199142,-0.419629505295,0.03599405288699997
8,24,incongruent,0.646967172623,-0.905911435286,0.666949033737,-0.349040192877,0.01998186111400002
8,25,congruent,0.54673409462,-0.913754692221,0.566702127457,-0.458845789972,0.019968032836999994
8,26,neutral,0.562836885452,-0.968657490768,0.59480381012,-0.419629505295,0.03196692466800011
8,27,incongruent,0.554592132568,-0.945127719962,0.590562105179,-0.451002533036,0.03596997261099999
8,28,neutral,0.558756113052,-0.929441206091,0.586729049683,-0.396099734489,0.02797293663099998
8,29,neutral,1.22232317924,-0.945127719962,1.26229906082,-0.458845789972,0.03997588157999998
8,30,neutral,0.39078783989,-0.976500747703,0.426778793335,-0.498062074648,0.03599095344500003
8,31,incongruent,0.482736825943,-0.937284463027,1.0227060318,-0.396099734489,0.539969205857
8,32,neutral,0.498588085175,-0.945127719962,0.554525136948,-0.498062074648,0.05593705177300001
9,1,neutral,1.21706795692,-0.976500747703,1.25308799744,-0.458845789972,0.03602004051999996
9,2,neutral,0.462862014771,-0.905911435286,0.490822076797,-0.41178624836,0.027960062026000043
9,3,congruent,0.426695108414,-0.905911435286,0.446691036224,-0.372569963683,0.019995927810000036
9,4,incongruent,0.506597995758,-0.968657490768,0.53861784935,-0.42747276223,0.03201985359199999
9,5,incongruent,0.394536972046,-0.89806817835,0.42254781723,-0.41178624836,0.02801084518399999
9,6,incongruent,0.750347137451,-0.976500747703,0.778329133987,-0.419629505295,0.027981996535999976
9,7,congruent,0.566750049591,-0.929441206091,0.6027739048,-0.388256477554,0.03602385520900009
9,8,neutral,0.419161081314,-0.945127719962,0.459172964096,-0.443159276101,0.04001188278200002
9,9,neutral,0.442589998245,-0.937284463027,0.478569030762,-0.41178624836,0.03597903251700002
9,10,congruent,0.734798908234,-0.952970976897,0.762755870819,-0.419629505295,0.027956962585000023
9,11,neutral,0.490552902222,-0.929441206091,0.510525941849,-0.466689046907,0.019973039627000033
9,12,neutral,0.570713996887,-0.952970976897,0.602715969086,-0.42747276223,0.03200197219900003
9,13,congruent,0.406676054001,-0.968657490768,0.442739963531,-0.364726706748,0.03606390952999999
9,14,congruent,0.426668167114,-0.984344004639,0.454658985138,-0.498062074648,0.027990818023999997
9,15,congruent,0.778553962708,-0.929441206091,0.834537029266,-0.482375560778,0.055983066558000005
9,16,congruent,0.586795091629,-0.945127719962,0.622792005539,-0.490218817713,0.03599691391000004
9,17,neutral,0.610481977463,-0.929441206091,0.638485908508,-0.466689046907,0.028003931044999986
9,18,neutral,0.644440889359,-0.945127719962,0.672466039658,-0.42747276223,0.02802515029899999
9,19,neutral,0.546643018723,-0.913754692221,0.574631929398,-0.396099734489,0.02798891067499998
9,20,neutral,0.600769042969,-0.913754692221,0.628747940063,-0.498062074648,0.027978897094000033
9,21,neutral,0.578518867493,-0.929441206091,0.622555971146,-0.466689046907,0.044037103653000065
9,22,neutral,0.446552038193,-0.905911435286,0.466593027115,-0.396099734489,0.020040988922000014
9,23,neutral,0.674872875214,-0.945127719962,0.714902877808,-0.466689046907,0.040030002594000025
9,24,incongruent,0.998068809509,-0.976500747703,1.04605293274,-0.490218817713,0.0479841232310001
9,25,incongruent,0.446991920471,-0.952970976897,0.474976062775,-0.42747276223,0.02798414230399998
9,26,neutral,0.52644610405,-0.945127719962,0.962392091751,-0.466689046907,0.435945987701
9,27,incongruent,0.518544912338,-0.968657490768,0.538508892059,-0.325510422071,0.019963979720999947
9,28,incongruent,0.546746015549,-0.945127719962,0.574799060822,-0.498062074648,0.02805304527300001
9,29,neutral,0.490195035934,-0.945127719962,0.518197059631,-0.364726706748,0.028002023697000056
9,30,incongruent,0.552181005478,-0.913754692221,0.58017706871,-0.403942991424,0.02799606323199999
9,31,neutral,0.794717073441,-0.945127719962,0.814736127853,-0.458845789972,0.020019054412000026
9,32,congruent,0.666538953781,-0.952970976897,0.694540023804,-0.380413220618,0.028001070023000008
10,1,congruent,0.422796010971,-0.952970976897,0.46279001236,-0.466689046907,0.039994001389
10,2,neutral,0.464609146118,-0.921597949156,0.484632015228,-0.466689046907,0.020022869109999952
10,3,incongruent,0.454460859299,-0.945127719962,0.490473031998,-0.388256477554,0.036012172699000033
10,4,neutral,0.694841146469,-0.945127719962,0.71483707428,-0.490218817713,0.019995927811000014
10,5,neutral,0.470762968063,-0.89806817835,0.490756988525,-0.443159276101,0.019994020461999995
10,6,neutral,0.426357984543,-0.921597949156,0.454372167587,-0.41178624836,0.028014183043999996
10,7,neutral,0.51865696907,-0.976500747703,0.554634094238,-0.419629505295,0.035977125168
10,8,congruent,0.448682069778,-0.968657490768,0.492616891861,-0.42747276223,0.04393482208299998
10,9,neutral,0.484684944153,-0.905911435286,0.512654781342,-0.474532303842,0.027969837189000035
10,10,incongruent,0.45450592041,-0.905911435286,0.478463888168,-0.458845789972,0.02395796775800002
10,11,congruent,0.402903079987,-0.913754692221,0.438886165619,-0.435316019166,0.035983085632000034
10,12,neutral,0.454444169998,-0.929441206091,0.478422164917,-0.443159276101,0.02397799491899999
10,13,congruent,0.6707239151,-0.921597949156,0.690706968307,-0.3098239082,0.019983053207
10,14,incongruent,0.604187011719,-0.905911435286,0.628170013428,-0.458845789972,0.02398300170900003
10,15,neutral,0.402437210083,-0.937284463027,0.430435180664,-0.443159276101,0.02799797058100001
10,16,neutral,0.574681997299,-0.913754692221,0.598669052124,-0.42747276223,0.023987054824999965
10,17,neutral,0.494511127472,-0.929441206091,0.530526161194,-0.482375560778,0.03601503372199999
10,18,incongruent,0.414438009262,-0.960814233833,0.44242811203,-0.364726706748,0.027990102768000014
10,19,neutral,0.462620019913,-0.929441206091,0.494607925415,-0.435316019166,0.03198790550199998
10,20,congruent,0.479820966721,-0.921597949156,0.507848024368,-0.490218817713,0.02802705764700003
10,21,congruent,0.44660615921,-0.945127719962,0.474603176117,-0.498062074648,0.02799701690699996
10,22,congruent,0.3946352005,-0.929441206091,0.434612989426,-0.482375560778,0.03997778892600001
10,23,incongruent,0.574565887451,-0.921597949156,1.03857779503,-0.356883449812,0.4640119075789999
10,24,neutral,0.52253484726,-0.89806817835,0.550490856171,-0.42747276223,0.02795600891100003
10,25,neutral,0.450570106506,-0.929441206091,0.478564977646,-0.403942991424,0.02799487113999999
10,26,neutral,0.438457965851,-0.945127719962,0.474478960037,-0.482375560778,0.03602099418600002
10,27,neutral,0.38652586937,-0.945127719962,0.42647600174,-0.372569963683,0.03995013237
10,28,incongruent,0.450773954391,-0.945127719962,0.478787899017,-0.349040192877,0.028013944625999987
10,29,incongruent,0.454178094864,-0.945127719962,0.482146024704,-0.466689046907,0.02796792983999996
10,30,incongruent,0.504476070404,-0.913754692221,0.532478094101,-0.435316019166,0.028002023697
10,31,neutral,0.554582834244,-0.929441206091,0.574599981308,-0.498062074648,0.02001714706400004
10,32,congruent,0.610635995865,-0.937284463027,0.638682842255,-0.466689046907,0.028046846390000102
11,1,congruent,0.580831050873,-0.921597949156,0.608878850937,-0.380413220618,0.028047800063999984
11,2,incongruent,0.462893009186,-0.929441206091,0.502925872803,-0.490218817713,0.040032863617000036
11,3,congruent,0.490700960159,-0.984344004639,0.518700122833,-0.490218817713,0.027999162674000044
11,4,neutral,0.490663051605,-0.913754692221,0.526677131653,-0.435316019166,0.036014080048
11,5,congruent,0.502805948257,-0.905911435286,0.526847839355,-0.498062074648,0.024041891098000034
11,6,neutral,0.550173997879,-0.960814233833,0.802226066589,-0.419629505295,0.25205206870999997
11,7,neutral,0.478851795197,-0.905911435286,0.49885392189,-0.372569963683,0.020002126693
11,8,congruent,0.454428911209,-0.976500747703,0.50642991066,-0.443159276101,0.05200099945100001
11,9,incongruent,0.838486909866,-0.921597949156,0.866435050964,-0.372569963683,0.027948141097999923
11,10,incongruent,0.426687955856,-0.976500747703,0.722653865814,-0.41178624836,0.29596590995800004
11,11,neutral,0.482614994049,-0.929441206091,0.510601997375,-0.388256477554,0.027987003326000015
11,12,neutral,0.450668811798,-0.921597949156,0.478683948517,-0.490218817713,0.028015136719000022
11,13,neutral,0.412300109863,-0.945127719962,0.44827914238,-0.466689046907,0.03597903251700002
11,14,congruent,0.475154876709,-0.945127719962,0.511132955551,-0.396099734489,0.03597807884200005
11,15,neutral,0.666635036469,-0.921597949156,0.686657905579,-0.466689046907,0.020022869109999952
11,16,neutral,0.47088098526,-0.874538407544,0.482852935791,-0.466689046907,0.01197195053100003
11,17,neutral,0.788561820984,-0.921597949156,0.808566808701,-0.482375560778,0.02000498771699999
11,18,incongruent,0.714353084564,-0.929441206091,0.75829911232,-0.474532303842,0.04394602775599998
11,19,incongruent,0.438475847244,-0.945127719962,0.970410823822,-0.41178624836,0.5319349765779999
11,20,neutral,0.534691810608,-0.945127719962,0.582645893097,-0.458845789972,0.047954082489000016
11,21,congruent,0.35080909729,-0.945127719962,0.378756046295,-0.458845789972,0.027946949005
11,22,neutral,0.538254976273,-0.945127719962,0.574261903763,-0.419629505295,0.03600692749000001
11,23,incongruent,0.498584985733,-0.921597949156,0.53057217598,-0.41178624836,0.031987190246999975
11,24,incongruent,0.472817897797,-0.890224921415,0.500808954239,-0.42747276223,0.02799105644199995
11,25,congruent,0.390619039536,-0.929441206091,0.434609174728,-0.443159276101,0.04399013519199996
11,26,neutral,0.602478027344,-0.890224921415,0.622472047806,-0.474532303842,0.01999402046199994
11,27,neutral,0.510620832443,-0.945127719962,0.546654939651,-0.372569963683,0.03603410720799993
11,28,neutral,0.450687170029,-0.984344004639,0.490671157837,-0.466689046907,0.039983987808
11,29,neutral,0.546699047089,-0.929441206091,0.602737188339,-0.458845789972,0.05603814125000006
11,30,neutral,0.574536800385,-0.968657490768,0.602489948273,-0.458845789972,0.027953147887999963
11,31,incongruent,0.558566093445,-0.945127719962,0.594547986984,-0.498062074648,0.035981893539000054
11,32,congruent,0.510725021362,-0.952970976897,0.538707017899,-0.388256477554,0.027981996536999953
12,1,neutral,0.673138141632,-0.945127719962,0.709181070328,-0.380413220618,0.03604292869600001
12,2,congruent,0.526825904846,-0.937284463027,0.554829835892,-0.458845789972,0.028003931045999964
12,3,neutral,0.486615180969,-0.921597949156,0.514568090439,-0.41178624836,0.027952909469999954
12,4,congruent,0.302523851395,-0.960814233833,0.350530862808,-0.466689046907,0.04800701141300001
12,5,neutral,0.514792919159,-0.945127719962,0.542754888535,-0.466689046907,0.02796196937599993
12,6,neutral,0.482877016068,-0.913754692221,0.514868021011,-0.451002533036,0.031991004943000056
12,7,congruent,0.654641151428,-0.929441206091,0.710604190826,-0.458845789972,0.05596303939800007
12,8,neutral,0.370284080505,-0.945127719962,0.398271083832,-0.482375560778,0.027987003326999993
12,9,incongruent,0.510641813278,-0.952970976897,0.546633005142,-0.356883449812,0.035991191864000016
12,10,congruent,0.370676994324,-0.945127719962,0.426689147949,-0.498062074648,0.056012153625000005
12,11,incongruent,0.482455968857,-0.976500747703,0.510437965393,-0.458845789972,0.02798199653600003
12,12,neutral,0.554981946945,-0.952970976897,0.582995891571,-0.396099734489,0.02801394462599993
12,13,incongruent,0.658547878265,-0.952970976897,0.686579942703,-0.372569963683,0.028032064437999993
12,14,neutral,0.586853981018,-0.945127719962,1.00684595108,-0.482375560778,0.41999197006200006
12,15,incongruent,0.659417867661,-0.937284463027,0.703402996063,-0.451002533036,0.043985128402000084
12,16,incongruent,0.630451917648,-0.937284463027,1.09447312355,-0.474532303842,0.464021205902
12,17,incongruent,0.894651174545,-0.929441206091,0.922641038895,-0.364726706748,0.02798986435000006
12,18,neutral,0.490377187729,-0.905911435286,0.510385036469,-0.443159276101,0.02000784874
12,19,neutral,0.458649873734,-0.968657490768,0.490668058395,-0.42747276223,0.03201818466099998
12,20,neutral,0.470512151718,-0.945127719962,0.510481119156,-0.372569963683,0.03996896743800005
12,21,neutral,0.486290931702,-0.960814233833,0.526315927505,-0.419629505295,0.04002499580300001
12,22,neutral,0.51063990593,-0.905911435286,0.538647890091,-0.419629505295,0.028007984161000032
12,23,neutral,0.426536083221,-0.945127719962,0.45053601265,-0.42747276223,0.023999929428999978
12,24,neutral,0.614459037781,-0.937284463027,0.642446041107,-0.419629505295,0.027987003326000015
12,25,congruent,0.478754043579,-0.984344004639,0.510778903961,-0.466689046907,0.03202486038200003
12,26,congruent,0.570602893829,-0.929441206091,0.598563909531,-0.443159276101,0.027961015702000047
12,27,congruent,0.468647956848,-0.937284463027,0.952610969543,-0.403942991424,0.48396301269499997
12,28,congruent,0.386708974838,-0.937284463027,0.414710044861,-0.396099734489,0.028001070023000008
12,29,incongruent,0.502641916275,-0.89806817835,0.530665874481,-0.482375560778,0.02802395820600001
12,30,neutral,0.482699155807,-0.913754692221,0.510640144348,-0.349040192877,0.027940988540999967
12,31,incongruent,0.65664100647,-0.929441206091,0.688653945923,-0.490218817713,0.03201293945299999
12,32,neutral,0.666527032852,-0.890224921415,0.686526060104,-0.498062074648,0.01999902725199998
13,1,congruent,0.677634000778,-0.984344004639,0.705677032471,-0.388256477554,0.028043031693000042
13,2,neutral,0.798647165298,-0.929441206091,0.822657108307,-0.490218817713,0.024009943009000057
13,3,incongruent,0.412709951401,-0.929441206091,0.440725803375,-0.403942991424,0.028015851974000028
13,4,incongruent,0.462630033493,-0.913754692221,0.506629943848,-0.482375560778,0.04399991035499995
13,5,congruent,0.734751939774,-0.976500747703,0.774767875671,-0.443159276101,0.04001593589700003
13,6,neutral,0.486800909042,-0.968657490768,0.526742935181,-0.419629505295,0.039942026139
13,7,congruent,0.666874885559,-0.905911435286,0.702823877335,-0.42747276223,0.03594899177599997
13,8,neutral,0.538842916489,-0.945127719962,0.574831008911,-0.458845789972,0.03598809242200007
13,9,neutral,0.454756975174,-0.976500747703,0.502743959427,-0.42747276223,0.04798698425300002
13,10,neutral,0.0144069194794,-0.0588396862697,0.0184240341187,-0.121585741752,0.0040171146393000005
13,11,neutral,0.566447973251,-0.89806817835,0.58641910553,-0.41178624836,0.019971132278999937
13,12,neutral,0.556419849396,-0.984344004639,1.04036593437,-0.443159276101,0.48394608497400005
13,13,congruent,0.51113986969,-0.851008636738,0.531126976013,-0.349040192877,0.019987106322999937
13,14,neutral,0.482532024384,-0.929441206091,0.518480062485,-0.482375560778,0.035948038101
13,15,neutral,0.450711965561,-0.937284463027,0.478690862656,-0.435316019166,0.02797889709500001
13,16,incongruent,0.314979076385,-0.945127719962,0.346976041794,-0.482375560778,0.03199696540899999
13,17,neutral,0.414942979813,-0.929441206091,0.442932128906,-0.443159276101,0.027989149092999988
13,18,neutral,0.386684894562,-0.913754692221,0.42666888237,-0.474532303842,0.039983987808
13,19,incongruent,0.694651126862,-0.929441206091,0.722676992416,-0.482375560778,0.028025865553999996
13,20,neutral,0.566289901733,-0.992187261574,0.594275951385,-0.419629505295,0.027986049652000022
13,21,neutral,0.722624063492,-0.921597949156,0.750639915466,-0.42747276223,0.028015851973999917
13,22,neutral,0.446325063705,-0.976500747703,0.902261972427,-0.42747276223,0.455936908722
13,23,incongruent,0.454990148544,-0.905911435286,0.482931137085,-0.482375560778,0.027940988541000022
13,24,incongruent,0.548700094223,-0.952970976897,0.584661006927,-0.419629505295,0.035960912703999925
13,25,incongruent,0.518908023834,-0.921597949156,0.546845912933,-0.435316019166,0.02793788909899997
13,26,neutral,0.474611997604,-0.976500747703,0.518627882004,-0.482375560778,0.04401588439999998
13,27,incongruent,0.448147058487,-0.905911435286,0.492145061493,-0.458845789972,0.04399800300600004
13,28,congruent,0.398763179779,-0.929441206091,0.442762136459,-0.435316019166,0.04399895667999998
13,29,congruent,0.495580911636,-0.89806817835,0.531583070755,-0.435316019166,0.03600215911900001
13,30,congruent,0.446563005447,-0.992187261574,0.482573032379,-0.474532303842,0.036010026932000005
13,31,congruent,0.423011064529,-0.921597949156,0.450996160507,-0.443159276101,0.027985095977999974
13,32,neutral,0.391026973724,-0.952970976897,0.427008867264,-0.372569963683,0.035981893539999976
14,1,neutral,0.660852909088,-0.945127719962,0.692821979523,-0.42747276223,0.03196907043499997
14,2,neutral,0.518764972687,-0.913754692221,0.546764850616,-0.396099734489,0.02799987792900005
14,3,incongruent,0.668684959412,-0.937284463027,0.704653024673,-0.458845789972,0.03596806526099994
14,4,neutral,0.398796796799,-0.937284463027,0.434811830521,-0.42747276223,0.03601503372199999
14,5,neutral,0.390688896179,-0.88238166448,0.410676956177,-0.498062074648,0.01998805999800002
14,6,neutral,0.430744886398,-0.921597949156,0.462698936462,-0.443159276101,0.031954050063999984
14,7,congruent,0.322980165482,-0.945127719962,0.358975172043,-0.451002533036,0.03599500656100002
14,8,incongruent,0.470726966858,-0.984344004639,0.498712062836,-0.349040192877,0.02798509597800003
14,9,incongruent,0.370634078979,-0.960814233833,0.774600982666,-0.364726706748,0.40396690368699995
14,10,neutral,0.470767974854,-0.921597949156,0.498782873154,-0.41178624836,0.02801489829999998
14,11,neutral,0.506430149078,-0.976500747703,1.09440398216,-0.41178624836,0.587973833082
14,12,neutral,0.510334968567,-0.945127719962,0.558346986771,-0.466689046907,0.04801201820400003
14,13,congruent,0.482766866684,-0.945127719962,0.526762008667,-0.498062074648,0.043995141982999975
14,14,neutral,0.838493824005,-0.929441206091,0.866495847702,-0.498062074648,0.028002023697
14,15,neutral,0.590444087982,-0.945127719962,0.618442058563,-0.356883449812,0.027997970581000065
14,16,neutral,0.398674964905,-0.945127719962,0.426641941071,-0.419629505295,0.027966976166000024
14,17,congruent,0.498722076416,-0.937284463027,0.526664018631,-0.419629505295,0.02794194221499996
14,18,incongruent,0.550639867783,-0.952970976897,0.578680992126,-0.458845789972,0.02804112434299999
14,19,neutral,0.760763883591,-0.89806817835,0.788775920868,-0.396099734489,0.028012037276999968
14,20,congruent,0.638540029526,-0.913754692221,0.666574954987,-0.498062074648,0.02803492546100006
14,21,congruent,0.578547000885,-0.913754692221,0.606508970261,-0.388256477554,0.02796196937600004
14,22,neutral,0.646803855896,-0.88238166448,0.666782855988,-0.458845789972,0.019979000092000043
14,23,neutral,0.610653877258,-0.913754692221,0.638638973236,-0.435316019166,0.02798509597800003
14,24,incongruent,0.566620826721,-0.976500747703,0.602593898773,-0.466689046907,0.035973072051999955
14,25,congruent,0.567323923111,-0.905911435286,0.587313890457,-0.41178624836,0.019989967346000004
14,26,neutral,0.386393070221,-0.890224921415,0.41438794136,-0.396099734489,0.02799487113900001
14,27,incongruent,0.5667989254,-0.937284463027,0.594763040543,-0.396099734489,0.027964115143000012
14,28,incongruent,0.630712985992,-0.960814233833,0.666743040085,-0.42747276223,0.036030054092999975
14,29,congruent,0.930692911148,-0.89806817835,0.954723834991,-0.435316019166,0.024030923842999985
14,30,incongruent,0.502527952194,-0.952970976897,0.550523042679,-0.474532303842,0.04799509048499995
14,31,congruent,0.85079407692,-0.945127719962,0.878826141357,-0.458845789972,0.028032064437000015
14,32,neutral,0.454715967178,-0.945127719962,0.4907310009,-0.458845789972,0.03601503372199999
15,1,neutral,0.616859912872,-0.992187261574,0.644834041595,-0.403942991424,0.02797412872299998
15,2,incongruent,0.678311109543,-0.976500747703,0.714333057404,-0.41178624836,0.03602194786099999
15,3,neutral,0.382525920868,-0.945127719962,0.410531044006,-0.42747276223,0.028005123137999965
15,4,neutral,0.396678924561,-0.937284463027,0.428681850433,-0.419629505295,0.03200292587199999
15,5,congruent,0.374474048615,-0.952970976897,0.406506061554,-0.380413220618,0.03203201293899999
15,6,incongruent,0.498558998108,-0.905911435286,0.526559114456,-0.42747276223,0.028000116348000037
15,7,neutral,0.342797994614,-0.921597949156,0.378833055496,-0.474532303842,0.03603506088199998
15,8,neutral,0.350362062454,-0.929441206091,0.382340908051,-0.482375560778,0.03197884559700004
15,9,congruent,0.422432899475,-0.945127719962,0.450404882431,-0.490218817713,0.027971982956000008
15,10,neutral,0.50473690033,-0.929441206091,0.540722846985,-0.42747276223,0.03598594665499999
15,11,neutral,0.39867401123,-0.929441206091,0.418678045273,-0.466689046907,0.020004034042999996
15,12,congruent,0.37450504303,-0.937284463027,0.402486085892,-0.435316019166,0.02798104286200004
15,13,incongruent,0.58677816391,-0.952970976897,1.02680110931,-0.435316019166,0.4400229454
15,14,congruent,0.386628866196,-0.945127719962,0.422592878342,-0.41178624836,0.03596401214599998
15,15,incongruent,0.462749958038,-0.960814233833,0.490715026855,-0.435316019166,0.027965068817000005
15,16,congruent,0.522643089294,-0.929441206091,0.550655126572,-0.403942991424,0.028012037277999946
15,17,incongruent,0.546508073807,-0.976500747703,0.610527992249,-0.466689046907,0.06401991844200006
15,18,neutral,0.538781881332,-0.937284463027,0.566735982895,-0.41178624836,0.027954101563000044
15,19,incongruent,0.674215078354,-0.913754692221,0.694171190262,-0.498062074648,0.019956111908000063
15,20,incongruent,0.47060918808,-0.945127719962,0.498645067215,-0.498062074648,0.028035879134999997
15,21,neutral,0.567733049393,-0.976500747703,0.587723016739,-0.419629505295,0.019989967346000004
15,22,congruent,0.450572013855,-0.929441206091,0.482537031174,-0.482375560778,0.03196501731899998
15,23,neutral,0.528605937958,-0.929441206091,0.556651830673,-0.403942991424,0.02804589271499991
15,24,neutral,0.778687000275,-0.968657490768,0.806658029556,-0.419629505295,0.027971029280999926
15,25,neutral,1.02279686928,-0.929441206091,1.05081701279,-0.388256477554,0.02802014351000004
15,26,neutral,0.482613801956,-0.929441206091,0.518612861633,-0.41178624836,0.03599905967700001
15,27,congruent,0.614758014679,-0.929441206091,0.650794029236,-0.419629505295,0.03603601455700001
15,28,neutral,0.398499011993,-0.960814233833,0.442466974258,-0.41178624836,0.04396796226500005
15,29,neutral,0.354846000671,-0.937284463027,0.390813112259,-0.458845789972,0.035967111588000034
15,30,neutral,0.386384010315,-0.968657490768,0.42639708519,-0.466689046907,0.040013074875
15,31,incongruent,0.862621068954,-0.960814233833,0.890667915344,-0.451002533036,0.02804684638999999
15,32,congruent,0.406538009644,-0.968657490768,0.954553842545,-0.372569963683,0.548015832901
16,1,neutral,0.849874019623,-0.929441206091,0.869806051254,-0.474532303842,0.01993203163099999
16,2,congruent,0.426635980606,-0.921597949156,0.462635040283,-0.490218817713,0.03599905967700001
16,3,congruent,0.370683908463,-0.921597949156,0.398655891418,-0.482375560778,0.02797198295500003
16,4,incongruent,0.538474082947,-0.921597949156,0.55850315094,-0.419629505295,0.02002906799299997
16,5,neutral,0.602601051331,-0.874538407544,0.61861205101,-0.458845789972,0.016010999679000104
16,6,neutral,0.494513034821,-0.921597949156,0.52249789238,-0.372569963683,0.027984857558999987
16,7,neutral,0.442621946335,-0.984344004639,0.470613002777,-0.482375560778,0.027991056442000006
16,8,neutral,0.526381015778,-0.921597949156,0.5544090271,-0.41178624836,0.028028011321999946
16,9,neutral,0.58643913269,-0.945127719962,0.614466190338,-0.435316019166,0.028027057647999953
16,10,congruent,0.442867994308,-0.905911435286,0.4708340168,-0.356883449812,0.027966022491999976
16,11,neutral,0.566254854202,-0.929441206091,0.586227893829,-0.41178624836,0.019973039627000033
16,12,neutral,0.430587053299,-0.945127719962,0.458544015884,-0.356883449812,0.027956962585000023
16,13,neutral,0.458528995514,-0.945127719962,0.486527204514,-0.466689046907,0.027998208999999996
16,14,congruent,0.534554004669,-0.968657490768,0.570552110672,-0.482375560778,0.03599810600299991
16,15,neutral,0.586745023727,-0.976500747703,0.614726066589,-0.396099734489,0.027981042861999983
16,16,incongruent,0.470668792725,-0.913754692221,0.498672008514,-0.42747276223,0.028003215789000002
16,17,neutral,0.53072309494,-0.945127719962,0.558658123016,-0.435316019166,0.027935028076000012
16,18,incongruent,0.482858896255,-0.952970976897,0.518877029419,-0.396099734489,0.036018133164000044
16,19,neutral,0.33070898056,-0.913754692221,0.358650922775,-0.403942991424,0.027941942215000015
16,20,congruent,0.494720935822,-0.913754692221,0.522668838501,-0.396099734489,0.027947902678999992
16,21,congruent,0.386855125427,-0.937284463027,0.414866924286,-0.356883449812,0.028011798859000014
16,22,neutral,0.43390583992,-0.945127719962,0.909901857376,-0.419629505295,0.47599601745600006
16,23,incongruent,0.57476401329,-0.984344004639,0.610780000687,-0.419629505295,0.03601598739699996
16,24,congruent,0.406573057175,-0.945127719962,0.434552907944,-0.42747276223,0.027979850769000003
16,25,congruent,0.423686981201,-0.937284463027,0.443671941757,-0.403942991424,0.019984960555999964
16,26,incongruent,0.518784999847,-0.890224921415,0.538792848587,-0.372569963683,0.020007848740000056
16,27,incongruent,0.470715999603,-0.890224921415,0.490672111511,-0.372569963683,0.019956111908000007
16,28,incongruent,0.394454956055,-0.913754692221,0.422436952591,-0.419629505295,0.02798199653600003
16,29,neutral,0.490433216095,-0.968657490768,0.518448114395,-0.458845789972,0.028014898300000035
16,30,neutral,0.482524871826,-0.945127719962,0.514575958252,-0.388256477554,0.032051086425999964
16,31,incongruent,0.450700998306,-0.952970976897,0.490668058395,-0.419629505295,0.03996706008899997
16,32,neutral,0.394613981247,-0.952970976897,0.430579900742,-0.41178624836,0.035965919495
17,1,incongruent,0.778132200241,-0.913754692221,0.802175998688,-0.466689046907,0.024043798446999998
17,2,neutral,0.322810173035,-0.913754692221,0.350844144821,-0.451002533036,0.028033971786000034
17,3,incongruent,0.514273881912,-0.905911435286,0.538259983063,-0.435316019166,0.023986101151000083
17,4,incongruent,0.538851976395,-0.937284463027,0.566837072372,-0.380413220618,0.02798509597699994
17,5,neutral,0.406626939774,-0.905911435286,0.434651851654,-0.403942991424,0.028024911880000003
17,6,neutral,0.510566234589,-0.976500747703,0.538568019867,-0.419629505295,0.028001785278000013
17,7,neutral,0.622938156128,-0.945127719962,0.65891122818,-0.403942991424,0.035973072052000066
17,8,congruent,0.45464515686,-0.89806817835,0.474625110626,-0.372569963683,0.01997995376599998
17,9,congruent,0.478626966476,-0.913754692221,0.498606920242,-0.435316019166,0.01997995376599998
17,10,incongruent,0.472086906433,-0.976500747703,0.492084026337,-0.349040192877,0.019997119903999994
17,11,neutral,0.463364124298,-0.905911435286,0.491409063339,-0.41178624836,0.028044939040999972
17,12,neutral,0.462171077728,-0.960814233833,0.498174190521,-0.403942991424,0.036003112793
17,13,neutral,0.49458694458,-0.913754692221,0.522584915161,-0.380413220618,0.02799797058100001
17,14,incongruent,0.462528944016,-0.968657490768,0.490524053574,-0.349040192877,0.027995109557999998
17,15,incongruent,0.734934091568,-0.952970976897,0.770899057388,-0.490218817713,0.03596496581999997
17,16,neutral,0.330657958984,-0.992187261574,0.378702163696,-0.498062074648,0.048044204711999994
17,17,neutral,0.526673078537,-0.913754692221,0.546670913696,-0.41178624836,0.019997835159
17,18,neutral,0.442850828171,-0.921597949156,0.462864875793,-0.498062074648,0.020014047621999986
17,19,congruent,0.594576120377,-0.945127719962,0.630592107773,-0.451002533036,0.03601598739599998
17,20,neutral,0.418603181839,-0.984344004639,0.454622983932,-0.372569963683,0.036019802092999986
17,21,incongruent,0.454651117325,-0.921597949156,0.474614143372,-0.490218817713,0.019963026046999954
17,22,congruent,0.542636871338,-0.929441206091,0.562649965286,-0.451002533036,0.020013093947999994
17,23,neutral,0.434653997421,-0.929441206091,0.494616031647,-0.466689046907,0.059962034225999994
17,24,neutral,0.386561155319,-0.952970976897,0.406602144241,-0.458845789972,0.020040988922000014
17,25,congruent,0.406816959381,-0.929441206091,0.450807094574,-0.498062074648,0.04399013519299999
17,26,neutral,0.43877196312,-0.952970976897,0.466753959656,-0.482375560778,0.027981996535999976
17,27,neutral,0.646507978439,-0.968657490768,0.694509983063,-0.419629505295,0.04800200462400006
17,28,congruent,0.454553127289,-0.921597949156,0.506566047668,-0.482375560778,0.05201292037899996
17,29,neutral,0.458585977554,-0.913754692221,0.486541986465,-0.403942991424,0.02795600891100003
17,30,congruent,0.422672986984,-0.921597949156,0.450630903244,-0.388256477554,0.027957916259999993
17,31,congruent,0.546543121338,-0.905911435286,0.566492080688,-0.325510422071,0.019948959350000073
17,32,incongruent,0.470808029175,-0.929441206091,0.498757839203,-0.42747276223,0.02794981002800001
18,1,incongruent,0.685870885849,-0.945127719962,0.713848114014,-0.466689046907,0.027977228164999923
18,2,congruent,0.39866900444,-0.921597949156,0.434648036957,-0.498062074648,0.03597903251700002
18,3,incongruent,0.490766048431,-0.937284463027,0.526771068573,-0.419629505295,0.03600502014200002
18,4,neutral,0.390923023224,-0.921597949156,0.414872169495,-0.419629505295,0.023949146270999977
18,5,neutral,0.475286006927,-0.960814233833,0.510466098785,-0.419629505295,0.03518009185800003
18,6,neutral,0.390959978104,-0.945127719962,0.418925046921,-0.458845789972,0.027965068817000005
18,7,incongruent,0.49076294899,-0.945127719962,0.518808841705,-0.474532303842,0.028045892714999965
18,8,incongruent,0.574619054794,-0.89806817835,0.59460401535,-0.498062074648,0.019984960555999964
18,9,incongruent,0.442649841309,-0.913754692221,0.462617874146,-0.490218817713,0.019968032836999994
18,10,neutral,0.406549930573,-0.992187261574,0.442534923553,-0.474532303842,0.03598499298000002
18,11,neutral,0.426434993744,-0.929441206091,0.466377019882,-0.466689046907,0.039942026137999964
18,12,neutral,0.528468847275,-0.945127719962,0.556432962418,-0.451002533036,0.027964115143000012
18,13,incongruent,1.49452495575,-0.976500747703,1.53447890282,-0.451002533036,0.039953947070000106
18,14,neutral,0.582949876785,-0.937284463027,0.618941068649,-0.419629505295,0.035991191864000016
18,15,neutral,0.426627874374,-0.976500747703,0.454665899277,-0.458845789972,0.028038024903000003
18,16,congruent,0.666033983231,-0.929441206091,0.693988084793,-0.451002533036,0.027954101561999956
18,17,neutral,0.482500076294,-0.976500747703,0.510488033295,-0.466689046907,0.02798795700100004
18,18,congruent,0.518531084061,-0.952970976897,0.546542882919,-0.451002533036,0.02801179885799998
18,19,neutral,0.510591983795,-0.913754692221,0.530573129654,-0.41178624836,0.019981145859000016
18,20,congruent,0.442854166031,-0.929441206091,0.482881069183,-0.490218817713,0.040026903152000026
18,21,congruent,0.426630973816,-0.929441206091,0.462601184845,-0.482375560778,0.035970211029
18,22,neutral,0.414756059647,-0.992187261574,0.898689985275,-0.435316019166,0.483933925628
18,23,neutral,0.588706016541,-0.960814233833,1.12471199036,-0.435316019166,0.5360059738190001
18,24,neutral,0.58664393425,-0.913754692221,0.606630086899,-0.458845789972,0.019986152648999944
18,25,congruent,0.518867015839,-0.945127719962,0.538839101791,-0.3098239082,0.019972085952000063
18,26,neutral,0.460614919662,-0.952970976897,0.488602876663,-0.42747276223,0.027987957000999986
18,27,incongruent,0.490613937378,-0.968657490768,0.510599851608,-0.435316019166,0.019985914230000013
18,28,congruent,0.520771980286,-0.945127719962,0.54881477356,-0.41178624836,0.028042793273999944
18,29,neutral,0.566783905029,-0.929441206091,0.586796045303,-0.435316019166,0.020012140274
18,30,incongruent,0.510632991791,-0.913754692221,0.534666061401,-0.396099734489,0.02403306961000007
18,31,neutral,0.398635864258,-0.976500747703,0.418630838394,-0.42747276223,0.019994974135999988
18,32,congruent,0.530557155609,-0.913754692221,0.554558038712,-0.451002533036,0.02400088310300008
19,1,neutral,0.613492965698,-0.952970976897,0.669475078583,-0.474532303842,0.05598211288499999
19,2,neutral,0.414595127106,-0.929441206091,0.442620038986,-0.388256477554,0.028024911880000003
19,3,neutral,0.434590101242,-0.905911435286,0.446598052979,-0.474532303842,0.012007951737000033
19,4,incongruent,1.16683387756,-0.905911435286,1.19483995438,-0.443159276101,0.028006076819999892
19,5,congruent,0.894363880157,-0.960814233833,0.918379068375,-0.419629505295,0.024015188218000083
19,6,incongruent,0.530566930771,-0.976500747703,0.574558019638,-0.451002533036,0.04399108886699998
19,7,neutral,0.382725000381,-0.960814233833,0.426697969437,-0.388256477554,0.04397296905600001
19,8,incongruent,0.474972963333,-0.960814233833,0.510933160782,-0.498062074648,0.03596019744900003
19,9,neutral,0.398818969727,-0.937284463027,0.418809175491,-0.333353679006,0.019990205764000013
19,10,incongruent,0.646797895432,-0.937284463027,0.666848897934,-0.443159276101,0.020051002502000093
19,11,incongruent,0.510770082474,-0.905911435286,0.53873705864,-0.443159276101,0.02796697616599997
19,12,congruent,0.482537031174,-0.89806817835,0.506536960602,-0.396099734489,0.023999929428000055
19,13,incongruent,0.586797952652,-0.968657490768,0.606760978699,-0.419629505295,0.019963026047000065
19,14,neutral,0.534768104553,-0.89806817835,0.554747104645,-0.498062074648,0.019979000092000043
19,15,neutral,0.498867034912,-0.976500747703,0.526808977127,-0.419629505295,0.027941942215000015
19,16,congruent,0.466674089432,-0.929441206091,0.518691062927,-0.42747276223,0.05201697349499995
19,17,congruent,0.474385023117,-0.968657490768,0.51437997818,-0.458845789972,0.03999495506300005
19,18,neutral,0.478590965271,-0.929441206091,0.498550891876,-0.364726706748,0.01995992660500001
19,19,congruent,0.350722789764,-0.945127719962,0.370699882507,-0.474532303842,0.01997709274299997
19,20,neutral,0.43448805809,-0.976500747703,0.4545109272,-0.451002533036,0.020022869110000008
19,21,incongruent,0.302340984344,-0.952970976897,0.330355882645,-0.435316019166,0.028014898301000013
19,22,neutral,0.714866161346,-0.905911435286,0.734851121902,-0.388256477554,0.019984960555999964
19,23,congruent,0.462990999222,-0.952970976897,0.506944894791,-0.458845789972,0.043953895569000034
19,24,neutral,0.622609138489,-0.945127719962,0.662578105927,-0.419629505295,0.039968967437999936
19,25,congruent,0.402638912201,-0.913754692221,0.430609941483,-0.364726706748,0.027971029282000015
19,26,incongruent,0.466757059097,-0.945127719962,0.502726078033,-0.41178624836,0.035969018935999963
19,27,neutral,0.49048781395,-0.945127719962,0.966539859772,-0.419629505295,0.47605204582199995
19,28,neutral,0.538360118866,-0.937284463027,0.574391126633,-0.419629505295,0.03603100776699997
19,29,congruent,0.498558044434,-0.929441206091,0.51855301857,-0.388256477554,0.019994974136000043
19,30,neutral,0.510499954224,-0.890224921415,0.530451059341,-0.419629505295,0.019951105117000045
19,31,neutral,0.674742937088,-0.874538407544,0.694713115692,-0.41178624836,0.019970178603999966
19,32,neutral,0.394633054733,-0.89806817835,0.414664983749,-0.482375560778,0.02003192901600004
20,1,congruent,0.79694890976,-0.945127719962,0.816960811615,-0.443159276101,0.020011901855000014
20,2,congruent,0.378607988358,-0.88238166448,0.398592948914,-0.372569963683,0.019984960555999964
20,3,neutral,0.443083047867,-0.937284463027,0.463092088699,-0.42747276223,0.020009040832000002
20,4,neutral,0.510366916656,-0.929441206091,0.546347856522,-0.396099734489,0.03598093986600004
20,5,neutral,0.456779956818,-0.937284463027,0.48477101326,-0.451002533036,0.027991056442000006
20,6,incongruent,0.582761049271,-0.913754692221,0.610747098923,-0.41178624836,0.027986049652000022
20,7,neutral,0.498538970947,-0.937284463027,0.526561021805,-0.458845789972,0.02802205085799997
20,8,incongruent,0.474957942963,-0.945127719962,0.678900957108,-0.41178624836,0.20394301414500005
20,9,incongruent,0.482661008835,-0.921597949156,0.510704040527,-0.419629505295,0.02804303169200001
20,10,congruent,0.330635070801,-0.913754692221,0.358649015427,-0.41178624836,0.028013944625999987
20,11,congruent,0.382670164108,-0.960814233833,0.410686016083,-0.41178624836,0.028015851975000006
20,12,congruent,0.562381029129,-0.984344004639,0.582370996475,-0.498062074648,0.019989967346000004
20,13,neutral,0.59429192543,-0.89806817835,0.614256858826,-0.388256477554,0.01996493339600003
20,14,incongruent,0.54296207428,-0.913754692221,0.562958955765,-0.419629505295,0.019996881485000007
20,15,neutral,0.408654928207,-0.952970976897,0.436651945114,-0.403942991424,0.027997016907000016
20,16,incongruent,0.566735029221,-0.937284463027,0.838744878769,-0.458845789972,0.2720098495479999
20,17,congruent,0.43076300621,-0.976500747703,0.462723016739,-0.396099734489,0.031960010528999994
20,18,incongruent,0.582646131516,-0.945127719962,0.610700130463,-0.458845789972,0.028053998947000003
20,19,neutral,0.510403871536,-0.929441206091,0.538347959518,-0.41178624836,0.027944087981999988
20,20,congruent,0.394626140594,-0.88238166448,0.41462802887,-0.451002533036,0.020001888276000024
20,21,neutral,0.552675008774,-0.937284463027,0.580655813217,-0.349040192877,0.027980804442999996
20,22,incongruent,0.498826026917,-0.921597949156,0.526844024658,-0.396099734489,0.028017997740999945
20,23,neutral,0.63028383255,-0.921597949156,0.658257007599,-0.380413220618,0.027973175048999988
20,24,neutral,0.506489992142,-0.945127719962,0.534472942352,-0.349040192877,0.02798295021000008
20,25,neutral,0.482851982117,-0.89806817835,0.510861873627,-0.474532303842,0.028009891509999996
20,26,congruent,0.342744827271,-0.976500747703,0.370699882507,-0.458845789972,0.027955055236000004
20,27,neutral,0.398291826248,-0.960814233833,0.42630982399,-0.388256477554,0.028017997741999978
20,28,neutral,0.352735042572,-0.929441206091,0.380674123764,-0.364726706748,0.027939081192000004
20,29,neutral,0.442679166794,-0.929441206091,0.462728023529,-0.41178624836,0.02004885673500001
20,30,neutral,0.518476009369,-0.945127719962,0.538457870483,-0.466689046907,0.01998186111400002
20,31,neutral,0.586896896362,-0.952970976897,0.614893913269,-0.356883449812,0.02799701690699996
20,32,incongruent,0.430693864822,-0.921597949156,0.450673818588,-0.41178624836,0.01997995376599998
21,1,neutral,1.43835783005,-0.976500747703,1.4743540287,-0.403942991424,0.035996198650000144
21,2,neutral,0.414395093918,-0.945127719962,0.44241809845,-0.388256477554,0.028023004532000018
21,3,neutral,0.410755157471,-0.929441206091,0.446721076965,-0.482375560778,0.03596591949400002
21,4,neutral,0.386874914169,-0.913754692221,0.414896011353,-0.41178624836,0.028021097184000032
21,5,incongruent,0.410709142685,-0.913754692221,0.434668064117,-0.451002533036,0.023958921432000013
21,6,congruent,0.270760774612,-0.945127719962,0.298800945282,-0.451002533036,0.02804017067000003
21,7,neutral,0.386569023132,-0.929441206091,0.898512840271,-0.349040192877,0.5119438171390001
21,8,neutral,0.698484897614,-0.905911435286,0.722505807877,-0.458845789972,0.024020910263000017
21,9,congruent,0.382488012314,-0.945127719962,0.410450935364,-0.396099734489,0.027962923050000033
21,10,neutral,0.482712030411,-0.88238166448,0.498665094376,-0.396099734489,0.01595306396499996
21,11,neutral,0.554903030396,-0.984344004639,0.582921981812,-0.356883449812,0.02801895141599997
21,12,neutral,0.376523017883,-0.929441206091,0.40452003479,-0.419629505295,0.02799701690699996
21,13,congruent,0.554895877838,-0.921597949156,0.574836015701,-0.490218817713,0.019940137862999974
21,14,incongruent,0.646485090256,-0.89806817835,0.666492938995,-0.498062074648,0.020007848738999967
21,15,incongruent,0.350862979889,-0.921597949156,0.378835916519,-0.396099734489,0.02797293663
21,16,incongruent,0.470499038696,-0.937284463027,0.498481035233,-0.41178624836,0.02798199653700001
21,17,incongruent,0.482725858688,-0.952970976897,0.510680913925,-0.435316019166,0.027955055237000037
21,18,neutral,0.518463850021,-0.976500747703,0.546474933624,-0.388256477554,0.028011083602999975
21,19,congruent,0.46691608429,-0.952970976897,0.494935035706,-0.364726706748,0.028018951416000026
21,20,neutral,0.526923894882,-0.984344004639,0.562957048416,-0.458845789972,0.03603315353400005
21,21,incongruent,0.45473408699,-0.913754692221,0.474737167358,-0.356883449812,0.02000308036799997
21,22,neutral,0.450886011124,-0.905911435286,0.46285700798,-0.451002533036,0.011970996856000005
21,23,neutral,0.39860701561,-0.921597949156,0.434560060501,-0.435316019166,0.035953044890999986
21,24,congruent,0.454633951187,-0.929441206091,0.474627017975,-0.466689046907,0.019993066788000002
21,25,neutral,0.434378862381,-0.945127719962,0.462323904037,-0.498062074648,0.027945041656000036
21,26,congruent,0.302909135818,-0.89806817835,0.322895050049,-0.435316019166,0.01998591423099999
21,27,neutral,0.422591924667,-0.921597949156,0.450535058975,-0.356883449812,0.027943134307999995
21,28,incongruent,0.550627946854,-0.929441206091,0.58664894104,-0.435316019166,0.03602099418600002
21,29,neutral,0.546472072601,-0.929441206091,0.582440853119,-0.419629505295,0.03596878051800001
21,30,incongruent,0.434628009796,-0.921597949156,0.462641954422,-0.435316019166,0.028013944625999987
21,31,congruent,0.594779968262,-0.913754692221,0.634751081467,-0.451002533036,0.03997111320500002
21,32,congruent,0.406478881836,-0.921597949156,0.430485963821,-0.435316019166,0.02400708198500001
22,1,congruent,0.72932600975,-0.913754692221,0.749307155609,-0.419629505295,0.019981145859000016
22,2,congruent,0.342338085175,-0.874538407544,0.362292051315,-0.451002533036,0.01995396614
22,3,neutral,0.414935112,-0.945127719962,0.882919073105,-0.364726706748,0.46798396110499996
22,4,neutral,0.358808994293,-0.89806817835,0.378815889359,-0.419629505295,0.020006895066000008
22,5,neutral,0.342875003815,-0.945127719962,0.398802042007,-0.388256477554,0.055927038191999956
22,6,neutral,0.434475898743,-0.874538407544,0.454513788223,-0.372569963683,0.02003788947999996
22,7,incongruent,0.338579893112,-0.913754692221,0.358573913574,-0.364726706748,0.019994020461999995
22,8,neutral,0.258718013763,-0.88238166448,0.278678894043,-0.372569963683,0.019960880279999982
22,9,neutral,0.451078891754,-0.945127719962,0.471091985703,-0.435316019166,0.02001309394899997
22,10,congruent,0.40615606308,-0.976500747703,0.434161186218,-0.474532303842,0.028005123137999965
22,11,neutral,0.446787118912,-0.945127719962,0.474766969681,-0.443159276101,0.027979850769000003
22,12,congruent,0.386756896973,-0.89806817835,0.414767026901,-0.443159276101,0.028010129928000005
22,13,incongruent,0.492408037186,-0.921597949156,0.520396947861,-0.396099734489,0.02798891067499998
22,14,congruent,0.45462012291,-0.929441206091,0.482618093491,-0.443159276101,0.02799797058100001
22,15,incongruent,0.518949985504,-0.89806817835,0.538918018341,-0.278450880459,0.019968032836999994
22,16,neutral,0.694873809814,-0.890224921415,0.72284078598,-0.403942991424,0.02796697616599997
22,17,neutral,0.504760980606,-0.921597949156,0.532759904861,-0.41178624836,0.027998924254999946
22,18,incongruent,0.574595928192,-0.968657490768,1.08657407761,-0.451002533036,0.5119781494179999
22,19,incongruent,0.534595012665,-0.890224921415,0.562606811523,-0.364726706748,0.02801179885799998
22,20,neutral,0.530519962311,-0.905911435286,0.574562072754,-0.466689046907,0.04404211044299999
22,21,incongruent,0.530542135239,-0.921597949156,0.558566093445,-0.372569963683,0.02802395820600001
22,22,neutral,0.478610992432,-0.976500747703,0.938617944717,-0.403942991424,0.460006952285
22,23,neutral,0.498771905899,-0.968657490768,0.526748895645,-0.29413739433,0.027976989746000047
22,24,neutral,0.586621999741,-0.992187261574,0.64257311821,-0.482375560778,0.055951118468999916
22,25,neutral,0.658811092377,-0.929441206091,0.682778120041,-0.490218817713,0.02396702766400005
22,26,neutral,0.622745037079,-0.913754692221,0.64267706871,-0.42747276223,0.01993203163099999
22,27,neutral,0.498543024063,-0.929441206091,0.53453207016,-0.41178624836,0.035989046097000044
22,28,congruent,0.454632043839,-0.913754692221,0.474617004395,-0.474532303842,0.019984960555999964
22,29,congruent,0.546756982803,-0.905911435286,0.574759960175,-0.380413220618,0.02800297737199997
22,30,incongruent,0.574640989304,-0.984344004639,0.602629899979,-0.403942991424,0.02798891067499998
22,31,incongruent,0.443028926849,-0.937284463027,0.46298289299,-0.466689046907,0.01995396614099998
22,32,congruent,0.378674983978,-0.905911435286,0.398641109467,-0.498062074648,0.01996612548900001
23,1,incongruent,0.709228992462,-0.905911435286,0.729215145111,-0.396099734489,0.019986152649000055
23,2,incongruent,0.498863935471,-0.929441206091,0.518844842911,-0.466689046907,0.019980907439999973
23,3,incongruent,0.455312013626,-0.905911435286,0.475311994553,-0.41178624836,0.019999980927000005
23,4,congruent,0.554099082947,-0.937284463027,0.582091093063,-0.380413220618,0.027992010115999943
23,5,incongruent,0.342454910278,-0.921597949156,0.378494024277,-0.403942991424,0.036039113999000005
23,6,congruent,0.426712036133,-0.945127719962,0.45471405983,-0.403942991424,0.028002023697
23,7,neutral,0.358579874039,-0.960814233833,0.386528015137,-0.419629505295,0.027948141098000034
23,8,congruent,0.578457117081,-0.937284463027,0.602467060089,-0.482375560778,0.024009943007999968
23,9,neutral,0.806603908539,-0.929441206091,0.834651947021,-0.466689046907,0.028048038481999993
23,10,incongruent,0.466439008713,-0.890224921415,0.486470937729,-0.396099734489,0.02003192901600004
23,11,incongruent,0.758682012558,-0.929441206091,0.786628961563,-0.443159276101,0.027946949004999944
23,12,neutral,0.502650022507,-0.945127719962,0.526689052582,-0.443159276101,0.02403903007500008
23,13,neutral,0.382516860962,-0.937284463027,0.418545007706,-0.466689046907,0.03602814674400001
23,14,neutral,0.694744825363,-0.913754692221,0.714728832245,-0.403942991424,0.01998400688199997
