block,trial,flankers,firstTime,firstValue,maxTime,maxValue,timeDifferent
practice,1,neutral,1.12878608704,-0.984344004639,2.540776968,-0.419629505295,1.41199088096
practice,2,congruent,0.979731082916,-0.984344004639,1.45168089867,-0.215704824976,0.4719498157540001
practice,3,congruent,0.669032096863,-0.960814233833,1.61702013016,-0.403942991424,0.947988033297
practice,4,neutral,0.819834947586,-0.937284463027,0.895827054977,-0.490218817713,0.07599210739100004
practice,5,incongruent,5.78748679161,-0.976500747703,8.50744485855,0.168614764855,2.7199580669400003
practice,6,neutral,0.743386030197,-0.992187261574,0.847378969193,-0.474532303842,0.10399293899600004
practice,7,incongruent,0.770842075348,-0.929441206091,0.862888097763,-0.419629505295,0.09204602241500004
practice,8,congruent,0.624934911728,-0.976500747703,0.744950056076,-0.490218817713,0.12001514434799998
practice,9,incongruent,0.723138093948,-0.952970976897,0.815117120743,-0.184331797235,0.09197902679500003
practice,10,neutral,0.476999998093,-0.976500747703,0.548990011215,-0.498062074648,0.07199001312200004
practice,11,neutral,0.504878044128,-0.952970976897,0.584842920303,-0.286294137394,0.07996487617500003
practice,12,neutral,0.492849111557,-0.937284463027,0.568832159042,-0.435316019166,0.07598304748500001
practice,13,congruent,0.513012886047,-0.960814233833,0.604945898056,-0.403942991424,0.09193301200899995
practice,14,neutral,0.723606109619,-0.976500747703,1.39559912682,-0.458845789972,0.6719930172010001
practice,15,incongruent,0.619920015335,-0.984344004639,2.36383485794,-0.1764885403,1.7439148426050002
practice,16,neutral,0.696918964386,-0.976500747703,0.836893081665,-0.0823694570757,0.139974117279
practice,17,incongruent,0.474991083145,-0.937284463027,0.558996915817,0.27842036195,0.08400583267199996
practice,18,congruent,0.399991035461,-0.952970976897,0.48396396637,-0.0274666585284,0.08397293090899999
practice,19,neutral,0.940900087357,-0.913754692221,1.02087306976,0.17645802179,0.07997298240299988
practice,20,neutral,0.624193906784,-0.952970976897,0.700203895569,-0.356883449812,0.07600998878499998
practice,21,incongruent,0.64902806282,-0.929441206091,0.741013050079,-0.270607623524,0.09198498725899995
practice,22,neutral,0.603641033173,-0.929441206091,0.671657085419,-0.443159276101,0.06801605224600005
practice,23,congruent,0.460867881775,-0.921597949156,0.540856838226,-0.200018311106,0.07998895645099996
practice,24,neutral,0.511965036392,-0.937284463027,0.595937013626,-0.435316019166,0.08397197723400007
practice,25,congruent,0.500365018845,-0.937284463027,0.572371959686,-0.482375560778,0.07200694084100001
practice,26,neutral,0.452868938446,-0.937284463027,0.520861148834,-0.1764885403,0.06799221038800002
practice,27,incongruent,0.537040948868,-0.937284463027,0.597061872482,-0.364726706748,0.06002092361400002
practice,28,congruent,0.641024112701,-0.937284463027,0.72503900528,-0.41178624836,0.08401489257899997
practice,29,incongruent,0.820290088654,-0.945127719962,0.896297931671,-0.231391338847,0.07600784301700003
practice,30,neutral,0.57528591156,-0.952970976897,0.64325594902,-0.466689046907,0.06797003746000008
practice,31,neutral,0.610857963562,-0.929441206091,1.26284790039,-0.207861568041,0.651989936828
practice,32,neutral,0.744499206543,-0.960814233833,0.848495006561,-0.19217505417,0.10399580001800002
1,1,congruent,1.4513168335,-0.968657490768,1.57126379013,-0.105899227882,0.11994695662999999
1,2,neutral,0.672724962234,-0.960814233833,0.764699935913,-0.443159276101,0.09197497367899998
1,3,congruent,0.484509944916,-0.984344004639,0.568483829498,-0.364726706748,0.083973884582
1,4,neutral,0.548507928848,-0.976500747703,0.648488998413,-0.231391338847,0.09998106956499997
1,5,neutral,0.459023952484,-0.937284463027,0.53503203392,-0.137272255623,0.07600808143599996
1,6,congruent,0.492735862732,-0.945127719962,1.13269495964,0.0744956816309,0.639959096908
1,7,incongruent,0.671756982803,-0.929441206091,0.763751029968,0.16077150792,0.09199404716500004
1,8,neutral,0.647304058075,-0.929441206091,0.743282079697,0.0588091677602,0.09597802162199998
1,9,incongruent,0.704704046249,-0.984344004639,0.816677093506,0.137241737114,0.11197304725700008
1,10,incongruent,0.932505130768,-0.929441206091,1.04053902626,0.0431226538896,0.10803389549200004
1,11,neutral,0.964950084686,-0.913754692221,1.04894804955,-0.113742484817,0.08399796486400013
1,12,neutral,0.779776096344,-0.945127719962,0.891746044159,-0.0039368877224,0.11196994781500003
1,13,neutral,1.20079898834,-0.921597949156,1.37680792809,0.0352793969543,0.17600893974999998
1,14,incongruent,0.760692834854,-0.945127719962,0.900681018829,0.254890591144,0.139988183975
1,15,congruent,0.740200042725,-0.945127719962,0.856228113174,0.694112979522,0.1160280704490001
1,16,congruent,0.619549036026,-0.945127719962,0.707565069199,-0.113742484817,0.088016033173
1,17,neutral,0.71587896347,-0.976500747703,0.847865819931,-0.0431531723991,0.13198685646099995
1,18,neutral,0.807667970657,-0.945127719962,0.903669834137,0.41175572985,0.09600186347999995
1,19,incongruent,0.661054849625,-0.976500747703,0.781051874161,-0.0196234015931,0.11999702453599992
1,20,neutral,0.66764497757,-0.992187261574,0.759645938873,-0.0509964293344,0.09200096130300006
1,21,neutral,1.22905111313,-0.968657490768,1.32506608963,0.0274361400189,0.09601497650000002
1,22,neutral,1.01991510391,-0.929441206091,1.11591315269,-0.403942991424,0.09599804877999984
1,23,congruent,0.559638023376,-0.984344004639,0.691618204117,0.223517563402,0.13198018074100004
1,24,incongruent,0.780636072159,-0.976500747703,0.880634069443,-0.364726706748,0.09999799728400005
1,25,congruent,0.667748212814,-0.992187261574,0.771723031998,-0.0353099154637,0.10397481918399998
1,26,neutral,0.557060956955,-0.976500747703,0.64905500412,-0.372569963683,0.09199404716499993
1,27,incongruent,0.687243938446,-0.945127719962,0.791254997253,-0.270607623524,0.10401105880700001
1,28,neutral,0.631462097168,-0.992187261574,0.735462188721,0.0901821955016,0.10400009155300005
1,29,neutral,1.04721808434,-0.960814233833,1.62320113182,-0.0509964293344,0.5759830474799998
1,30,congruent,0.664561986923,-0.952970976897,0.748549938202,-0.419629505295,0.08398795127900005
1,31,neutral,0.512007951736,-0.921597949156,0.584008932114,-0.0353099154637,0.07200098037799996
1,32,incongruent,0.656893968582,-0.890224921415,0.724880933762,-0.121585741752,0.06798696518000003
2,1,incongruent,0.810755968094,-0.984344004639,0.890714883804,-0.160802026429,0.07995891571000002
2,2,neutral,0.759979009628,-0.976500747703,0.947970151901,0.0823389385662,0.18799114227299996
2,3,neutral,0.44486117363,-0.929441206091,0.512834072113,-0.1764885403,0.06797289848300003
2,4,neutral,1.16392087936,-0.945127719962,1.2839038372,-0.184331797235,0.11998295784000002
2,5,congruent,0.499750137329,-0.945127719962,0.563722133636,-0.207861568041,0.06397199630700001
2,6,incongruent,0.504149913788,-0.945127719962,0.596127033234,0.0431226538896,0.09197711944599996
2,7,neutral,0.482871055603,-0.945127719962,0.558865070343,0.247047334208,0.07599401474000006
2,8,neutral,1.05137991905,-0.921597949156,1.15137004852,-0.129428998688,0.09999012947000008
2,9,neutral,0.540229082108,-0.89806817835,0.616214036942,-0.0980559709464,0.07598495483400003
2,10,neutral,0.504920005798,-0.984344004639,0.612915039062,-0.0274666585284,0.10799503326399995
2,11,congruent,0.688328027725,-0.929441206091,0.76433300972,-0.364726706748,0.07600498199499994
2,12,incongruent,0.603986978531,-0.952970976897,0.687992811203,-0.0274666585284,0.08400583267200001
2,13,neutral,0.703992128372,-0.976500747703,0.771914958954,-0.403942991424,0.067922830582
2,14,neutral,0.539124011993,-0.952970976897,0.619105815887,-0.435316019166,0.079981803894
2,15,congruent,0.448573112488,-0.968657490768,0.528548002243,-0.231391338847,0.079974889755
2,16,incongruent,0.504586935043,-0.945127719962,0.584594011307,0.121555223243,0.08000707626399994
2,17,neutral,0.621037006378,-0.921597949156,0.713031053543,-0.435316019166,0.09199404716500004
2,18,neutral,0.564909934998,-0.952970976897,0.656883955002,-0.0823694570757,0.09197402000400001
2,19,congruent,0.511563062668,-0.984344004639,0.615559101105,-0.301980651265,0.103996038437
2,20,incongruent,0.624039888382,-0.929441206091,0.704021930695,-0.388256477554,0.07998204231299999
2,21,neutral,0.504995822906,-0.905911435286,0.588999986649,-0.0117801446577,0.08400416374300002
2,22,congruent,0.679590940475,-0.968657490768,0.75958609581,-0.278450880459,0.07999515533500001
2,23,congruent,0.387982845306,-0.945127719962,0.471989870071,-0.356883449812,0.084007024765
2,24,neutral,0.595703840256,-0.929441206091,0.691745996475,-0.349040192877,0.09604215621900003
2,25,congruent,0.688830852509,-0.921597949156,0.772845983505,-0.0509964293344,0.084015130996
2,26,neutral,0.54891705513,-0.945127719962,1.27690505981,0.152928250984,0.72798800468
2,27,incongruent,0.659497022629,-0.937284463027,0.743440151215,-0.152958769494,0.08394312858599995
2,28,incongruent,0.58412194252,-0.937284463027,0.660141944885,-0.113742484817,0.07602000236499995
2,29,congruent,0.427477121353,-0.945127719962,0.51945400238,0.129398480178,0.09197688102699997
2,30,neutral,0.540436983109,-0.945127719962,0.624452829361,0.129398480178,0.08401584625199998
2,31,neutral,0.440779924393,-0.992187261574,0.51278090477,-0.0666829432051,0.07200098037700003
2,32,incongruent,0.51184296608,-0.937284463027,0.591852903366,-0.301980651265,0.08000993728600003
3,1,neutral,0.618597984314,-0.945127719962,0.702601909637,-0.1764885403,0.08400392532299994
3,2,neutral,0.528728961945,-0.945127719962,0.616709947586,-0.200018311106,0.08798098564099999
3,3,incongruent,0.695890188217,-0.976500747703,0.783907175064,-0.121585741752,0.08801698684699999
3,4,congruent,0.58486199379,-0.937284463027,1.22484898567,-0.0509964293344,0.63998699188
3,5,neutral,0.592236995697,-0.976500747703,0.708237886429,0.207831049532,0.11600089073200004
3,6,incongruent,0.541005849838,-0.968657490768,0.652997970581,-0.0196234015931,0.11199212074299991
3,7,incongruent,0.608902931213,-0.952970976897,0.700894832611,-0.349040192877,0.09199190139800006
3,8,incongruent,0.747698068619,-0.929441206091,0.843691110611,-0.356883449812,0.09599304199199998
3,9,incongruent,0.695991039276,-0.976500747703,0.827997207642,-0.145115512558,0.132006168366
3,10,congruent,0.644581794739,-0.976500747703,0.78058886528,0.152928250984,0.13600707054100003
3,11,neutral,0.660892009735,-0.905911435286,0.756853818893,0.364696188238,0.09596180915800001
3,12,neutral,0.555490016937,-0.976500747703,0.671501159668,0.17645802179,0.116011142731
3,13,neutral,1.36892390251,-0.984344004639,0.864921808243,-0.317667165136,-0.5040020942669999
3,14,neutral,1.16023683548,-0.929441206091,1.25622987747,0.0274361400189,0.09599304199000014
3,15,incongruent,0.792507886887,-0.929441206091,0.876523017883,-0.0117801446577,0.084015130996
3,16,congruent,0.624080896378,-0.945127719962,0.732084989548,0.113711966308,0.10800409317000004
3,17,incongruent,0.501113176346,-0.929441206091,0.577119112015,-0.160802026429,0.07600593566899994
3,18,neutral,0.588956832886,-0.968657490768,0.700955867767,-0.333353679006,0.11199903488100005
3,19,incongruent,0.575845956802,-0.984344004639,1.29182696342,0.184301278726,0.7159810066179999
3,20,neutral,0.750504016876,-0.976500747703,0.854542970657,0.388225959044,0.10403895378100003
3,21,neutral,0.413031816483,-0.929441206091,0.497012853622,0.270577105014,0.08398103713899996
3,22,congruent,0.512849092484,-0.921597949156,0.57685303688,-0.419629505295,0.06400394439599999
3,23,congruent,0.688921928406,-0.89806817835,0.772927999496,0.254890591144,0.08400607109000002
3,24,congruent,0.503689050674,-0.976500747703,0.603672981262,-0.0980559709464,0.09998393058799993
3,25,neutral,0.491132974625,-0.921597949156,0.567118167877,-0.403942991424,0.07598519325199998
3,26,congruent,0.928236961365,-0.945127719962,1.04023599625,0.184301278726,0.11199903488500007
3,27,neutral,0.568023920059,-0.913754692221,0.676048994064,0.866664632099,0.10802507400499994
3,28,neutral,0.368885040283,-0.905911435286,0.452858924866,0.521561326945,0.08397388458299998
3,29,neutral,0.491235017776,-0.968657490768,0.575234174728,0.858821375164,0.083999156952
3,30,neutral,0.528846979141,-0.929441206091,0.596859931946,1.0,0.06801295280499997
3,31,neutral,0.539751768112,-0.890224921415,0.631710767746,0.733329264199,0.091958999634
3,32,congruent,0.636025905609,-0.937284463027,0.72797703743,1.0,0.09195113182100001
4,1,congruent,0.722339868546,-0.88238166448,0.794314861298,0.388225959044,0.07197499275200003
4,2,neutral,0.461011171341,-0.890224921415,0.557083129883,0.254890591144,0.09607195854200001
4,3,incongruent,0.717010974884,-0.945127719962,0.864994049072,0.145084994049,0.14798307418799994
4,4,neutral,0.484667778015,-0.929441206091,0.58868598938,0.372539445173,0.10401821136500006
4,5,congruent,0.500063896179,-0.945127719962,0.576080083847,-0.0196234015931,0.076016187668
4,6,neutral,0.420295000076,-0.976500747703,0.512308120728,-0.0431531723991,0.09201312065200001
4,7,neutral,0.491832971573,-0.921597949156,0.55984711647,-0.090212714011,0.06801414489699997
4,8,congruent,0.475577831268,-0.984344004639,0.567575931549,-0.0196234015931,0.09199810028099997
4,9,neutral,0.5408680439,-0.937284463027,0.624886035919,0.0901821955016,0.08401799201900007
4,10,congruent,0.411182880402,-0.984344004639,0.495154857635,-0.0588396862697,0.08397197723299998
4,11,neutral,0.475069999695,-0.952970976897,0.555017948151,0.137241737114,0.079947948456
4,12,incongruent,0.528578042984,-0.929441206091,0.620573043823,0.0901821955016,0.09199500083900003
4,13,congruent,0.476843118668,-0.960814233833,0.56886100769,-0.152958769494,0.09201788902200003
4,14,incongruent,0.567466974258,-0.945127719962,0.651429891586,0.152928250984,0.08396291732799999
4,15,congruent,0.771646022797,-0.929441206091,0.855619192123,-0.152958769494,0.08397316932599996
4,16,neutral,0.635473966599,-0.945127719962,0.719445943832,0.0744956816309,0.08397197723299998
4,17,congruent,0.604989051819,-0.929441206091,0.681004047394,-0.364726706748,0.07601499557500002
4,18,neutral,0.505038976669,-0.913754692221,0.581037998199,-0.137272255623,0.07599902153000004
4,19,incongruent,0.554776906967,-0.89806817835,0.614794015884,0.317636646626,0.06001710891699996
4,20,incongruent,0.700843811035,-0.960814233833,0.772825956345,-0.0980559709464,0.07198214530999991
4,21,neutral,0.492619037628,-0.945127719962,0.576617002487,0.247047334208,0.08399796485899996
4,22,incongruent,0.539828062057,-0.952970976897,0.615839958191,0.0509659108249,0.07601189613400006
4,23,neutral,0.631608009338,-0.984344004639,0.715591907501,0.670583208716,0.083983898163
4,24,neutral,0.595057964325,-0.913754692221,0.66702580452,-0.0745262001404,0.07196784019500002
4,25,neutral,0.520424842834,-0.921597949156,0.604397773743,-0.105899227882,0.08397293090899993
4,26,incongruent,0.512147903442,-0.945127719962,0.604135990143,0.0509659108249,0.091988086701
4,27,congruent,0.608570814133,-0.945127719962,0.692540884018,-0.372569963683,0.083970069885
4,28,neutral,0.485022068024,-0.976500747703,0.568989038467,-0.254921109653,0.083966970443
4,29,neutral,0.696630001068,-0.952970976897,0.800632953644,-0.333353679006,0.10400295257600001
4,30,neutral,0.520914077759,-0.960814233833,0.608906030655,-0.341196935942,0.08799195289600004
4,31,neutral,0.467741012573,-0.929441206091,0.551762104034,-0.356883449812,0.08402109146099995
4,32,incongruent,0.551446199417,-0.945127719962,0.631421089172,-0.435316019166,0.079974889755
5,1,incongruent,0.823444128036,-0.88238166448,0.895479202271,-0.0823694570757,0.072035074235
5,2,incongruent,0.508367061615,-0.929441206091,0.576359987259,-0.278450880459,0.06799292564399995
5,3,neutral,0.625026941299,-0.968657490768,0.708981990814,-0.200018311106,0.08395504951499999
5,4,congruent,0.508903980255,-0.952970976897,0.592893838882,-0.286294137394,0.08398985862699992
5,5,neutral,0.667814970016,-0.976500747703,0.751800060272,-0.278450880459,0.08398509025599998
5,6,neutral,0.564987182617,-0.921597949156,0.684991121292,-0.0588396862697,0.12000393867500003
5,7,neutral,0.415776968002,-0.960814233833,0.515746831894,-0.223548081912,0.09996986389199997
5,8,incongruent,0.511203050613,-0.945127719962,0.579207897186,-0.474532303842,0.06800484657299999
5,9,neutral,0.687922000885,-0.921597949156,0.771900177002,-0.403942991424,0.08397817611699998
5,10,neutral,0.652971029282,-0.921597949156,0.736985206604,-0.3098239082,0.084014177322
5,11,neutral,1.68077492714,-0.960814233833,1.78475904465,-0.278450880459,0.10398411750999981
5,12,congruent,0.595331192017,-0.945127719962,0.68727517128,-0.0509964293344,0.09194397926300002
5,13,incongruent,0.531931877136,-0.976500747703,0.615906000137,-0.317667165136,0.08397412300100005
5,14,congruent,0.675279855728,-0.921597949156,0.775279998779,-0.113742484817,0.10000014305100002
5,15,neutral,0.560988903046,-0.992187261574,0.636960983276,0.247047334208,0.07597208023000002
5,16,incongruent,0.471189975739,-0.945127719962,0.543159008026,-0.372569963683,0.07196903228700002
5,17,incongruent,0.56879901886,-0.937284463027,1.21279096603,0.0274361400189,0.6439919471700001
5,18,neutral,0.491751909256,-0.937284463027,0.567716121674,-0.286294137394,0.075964212418
5,19,congruent,0.488862037659,-0.945127719962,0.600830078125,-0.278450880459,0.11196804046600001
5,20,incongruent,0.479358911514,-0.937284463027,1.05533504486,0.17645802179,0.5759761333460001
5,21,neutral,0.510966062546,-0.945127719962,0.586927175522,0.372539445173,0.07596111297600006
5,22,neutral,0.527164936066,-0.945127719962,0.643138885498,0.41175572985,0.11597394943200001
5,23,neutral,0.512656927109,-0.929441206091,0.616631984711,0.505874813074,0.10397505760199999
5,24,congruent,0.551559925079,-0.913754692221,0.635556936264,0.498031556139,0.08399701118500003
5,25,neutral,0.398896932602,-0.945127719962,0.482882976532,0.129398480178,0.08398604393000003
5,26,incongruent,0.594894170761,-0.937284463027,0.686882972717,0.199987792596,0.09198880195600001
5,27,neutral,0.547940969467,-0.945127719962,0.639968156815,0.623523667104,0.09202718734799997
5,28,congruent,0.54817700386,-0.952970976897,0.640137910843,0.192144535661,0.09196090698299997
5,29,congruent,0.536787986755,-0.945127719962,0.640773057938,0.0431226538896,0.10398507118300004
5,30,congruent,0.496436834335,-0.945127719962,0.580458879471,0.349009674368,0.08402204513600003
5,31,neutral,0.482912063599,-0.968657490768,0.610912084579,0.333323160497,0.12800002098000002
5,32,neutral,0.632833003998,-0.937284463027,0.752812147141,-0.0431531723991,0.11997914314299996
6,1,incongruent,0.572422981262,-0.984344004639,0.628405809402,-0.1764885403,0.055982828139999996
6,2,neutral,0.436946153641,-0.929441206091,0.496916055679,-0.0588396862697,0.05996990203800001
6,3,incongruent,0.56108880043,-0.952970976897,0.645004987717,-0.341196935942,0.08391618728700001
6,4,neutral,0.575768947601,-0.921597949156,0.659757852554,-0.482375560778,0.08398890495300004
6,5,congruent,0.399806022644,-0.976500747703,0.483844995499,-0.0509964293344,0.084038972855
6,6,congruent,0.464335918427,-0.968657490768,0.556347131729,-0.129428998688,0.09201121330199996
6,7,incongruent,0.457011938095,-0.89806817835,0.533015012741,0.16077150792,0.07600307464600004
6,8,congruent,0.538064002991,-0.89806817835,0.622036933899,0.364696188238,0.08397293090800007
6,9,neutral,0.599732160568,-0.952970976897,0.659739971161,-0.200018311106,0.06000781059299998
6,10,neutral,0.527506113052,-0.992187261574,0.619506120682,-0.372569963683,0.09200000762999994
6,11,neutral,0.506768941879,-0.921597949156,0.590745925903,0.113711966308,0.083976984024
6,12,incongruent,0.660135030746,-0.960814233833,0.75211596489,-0.301980651265,0.09198093414399999
6,13,congruent,0.416295051575,-0.937284463027,0.52027797699,0.356852931303,0.10398292541499998
6,14,neutral,0.479825019836,-0.968657490768,0.555800914764,0.458815271462,0.07597589492799994
6,15,congruent,0.316004037857,-0.952970976897,0.387987852097,0.184301278726,0.07198381424
6,16,congruent,0.459984064102,-0.976500747703,0.547991991043,-0.1764885403,0.08800792694100001
6,17,neutral,0.372930049896,-0.874538407544,0.436922073364,0.247047334208,0.06399202346800004
6,18,neutral,0.440866947174,-0.945127719962,0.512861013412,0.223517563402,0.07199406623799998
6,19,congruent,0.333003997803,-0.945127719962,0.389009952545,-0.278450880459,0.056005954741999986
6,20,neutral,0.512553930283,-0.89806817835,0.596549034119,0.717642750328,0.08399510383599995
6,21,neutral,0.380895137787,-0.945127719962,0.444911003113,0.325479903562,0.06401586532600001
6,22,incongruent,0.407746076584,-0.945127719962,0.45974612236,-0.364726706748,0.05200004577600004
6,23,neutral,0.547899961472,-0.89806817835,0.623874902725,-0.215704824976,0.07597494125299997
6,24,neutral,0.475732803345,-0.937284463027,0.5317029953,-0.215704824976,0.05597019195499997
6,25,neutral,0.47089099884,-0.905911435286,0.538879871368,0.192144535661,0.06798887252799996
6,26,neutral,0.415461063385,-0.945127719962,0.511428117752,0.309793389691,0.09596705436700004
6,27,incongruent,0.531818151474,-0.976500747703,0.615822076797,-0.325510422071,0.08400392532299994
6,28,neutral,0.443549871445,-0.929441206091,0.515501976013,-0.254921109653,0.07195210456799994
6,29,congruent,0.527963161469,-0.921597949156,0.59197807312,-0.0823694570757,0.06401491165099993
6,30,neutral,0.384989023209,-0.976500747703,0.465001106262,-0.215704824976,0.08001208305299995
6,31,incongruent,0.56781411171,-0.992187261574,0.631805181503,-0.356883449812,0.06399106979300007
6,32,incongruent,0.511824131012,-0.945127719962,0.57581114769,-0.341196935942,0.063987016678
7,1,congruent,0.614203929901,-0.945127719962,0.67019200325,-0.184331797235,0.05598807334899991
7,2,neutral,0.463798999786,-0.890224921415,0.511729955673,-0.356883449812,0.04793095588699997
7,3,neutral,0.444562911987,-0.960814233833,0.508573055267,-0.396099734489,0.06401014328000004
7,4,neutral,0.396595954895,-0.945127719962,0.472554922104,-0.0980559709464,0.07595896720900003
7,5,congruent,0.48885512352,-0.984344004639,0.556838989258,-0.113742484817,0.06798386573800003
7,6,neutral,0.520686864853,-0.929441206091,0.592705965042,-0.0980559709464,0.07201910018900004
7,7,incongruent,0.48098897934,-0.89806817835,0.536998987198,-0.356883449812,0.05601000785799998
7,8,neutral,0.496237039566,-0.929441206091,1.08024716377,-0.105899227882,0.5840101242039999
7,9,neutral,0.520869016647,-0.960814233833,0.59685087204,-0.364726706748,0.07598185539299995
7,10,neutral,0.564897060394,-0.984344004639,1.17288899422,0.207831049532,0.607991933826
7,11,neutral,0.503877162933,-0.913754692221,0.595882177353,-0.0274666585284,0.09200501441999998
7,12,neutral,0.528975009918,-0.952970976897,0.612945079803,0.0431226538896,0.083970069885
7,13,incongruent,0.496004104614,-0.976500747703,0.595957040787,0.121555223243,0.09995293617299994
7,14,incongruent,0.668406963348,-0.945127719962,0.764364004135,0.960783715323,0.09595704078700007
7,15,neutral,0.567892074585,-0.929441206091,0.651879072189,0.52940458388,0.08398699760399997
7,16,neutral,0.54855799675,-0.937284463027,0.648540019989,0.356852931303,0.09998202323899996
7,17,congruent,0.512043952942,-0.945127719962,0.576037883759,0.207831049532,0.063993930817
7,18,incongruent,0.587359905243,-0.929441206091,0.671366930008,0.17645802179,0.084007024765
7,19,incongruent,0.521087884903,-0.937284463027,0.605068922043,0.262733848079,0.08398103714000005
7,20,incongruent,0.507766008377,-0.937284463027,0.56777215004,-0.0117801446577,0.060006141663
7,21,congruent,0.488836050034,-0.905911435286,0.588813066483,0.372539445173,0.09997701644900003
7,22,neutral,0.428842067719,-0.992187261574,0.504884958267,-0.0117801446577,0.07604289054799995
7,23,neutral,0.465034008026,-0.921597949156,0.537014007568,0.247047334208,0.07197999954200002
7,24,neutral,0.455998897552,-0.874538407544,0.531991004944,-0.0509964293344,0.07599210739199996
7,25,congruent,0.556449890137,-0.984344004639,0.62445807457,-0.1764885403,0.06800818443300005
7,26,congruent,0.255336999893,-0.88238166448,0.319332838058,0.325479903562,0.06399583816499999
7,27,neutral,0.436652898788,-0.937284463027,0.500683069229,0.0431226538896,0.06403017044099996
7,28,neutral,0.400408029556,-0.945127719962,0.472377061844,-0.0666829432051,0.071969032288
7,29,incongruent,0.589049100876,-0.984344004639,0.677046060562,0.247047334208,0.08799695968599996
7,30,incongruent,0.823050022125,-0.945127719962,1.22300505638,-0.0039368877224,0.3999550342549999
7,31,congruent,0.436963796616,-0.929441206091,0.528956890106,0.466658528397,0.09199309349000001
7,32,congruent,0.547013998032,-0.984344004639,0.650991916656,0.184301278726,0.10397791862399997
8,1,incongruent,0.618913888931,-0.929441206091,0.710927963257,0.599993896298,0.09201407432600006
8,2,incongruent,0.473016023636,-0.921597949156,0.557014226913,0.701956236457,0.08399820327699997
8,3,neutral,0.715301036835,-0.929441206091,0.815286874771,0.560777611621,0.09998583793600002
8,4,neutral,0.464208126068,-0.89806817835,0.564198970795,0.796075319681,0.09999084472700004
8,5,incongruent,0.575805902481,-0.89806817835,0.651793956757,0.866664632099,0.07598805427599997
8,6,congruent,0.463706970215,-0.929441206091,0.559673070908,0.356852931303,0.09596610069299999
8,7,neutral,0.353055000305,-0.945127719962,0.445063114166,-0.200018311106,0.092008113861
8,8,congruent,0.506900072098,-0.945127719962,0.598877906799,0.349009674368,0.09197783470099996
8,9,neutral,0.425065994263,-0.945127719962,0.517056941986,-0.184331797235,0.09199094772300004
8,10,congruent,0.40380191803,-0.945127719962,0.507801055908,0.309793389691,0.10399913787799997
8,11,incongruent,0.437011003494,-0.913754692221,0.521010160446,0.396069215979,0.083999156952
8,12,congruent,0.443903923035,-0.929441206091,0.535890817642,0.388225959044,0.09198689460699999
8,13,neutral,0.49701499939,-0.945127719962,0.596994876862,0.223517563402,0.09997987747200004
8,14,neutral,0.547173023224,-0.952970976897,0.647155046463,0.372539445173,0.09998202323900007
8,15,incongruent,0.5886759758,-0.890224921415,0.672677993774,0.349009674368,0.08400201797399998
8,16,neutral,0.696707963943,-0.929441206091,0.772707939148,-0.364726706748,0.0759999752049999
8,17,neutral,0.580888986588,-0.952970976897,0.680895805359,0.576464125492,0.10000681877099993
8,18,neutral,0.604804992676,-0.976500747703,0.768786907196,0.270577105014,0.16398191452
8,19,congruent,0.519824028015,-0.945127719962,0.611810922623,-0.113742484817,0.09198689460799991
8,20,neutral,0.731861829758,-0.921597949156,0.835863828659,-0.0196234015931,0.10400199890100004
8,21,neutral,0.65943479538,-0.992187261574,0.743423938751,0.372539445173,0.08398914337099994
8,22,congruent,0.615980148315,-0.88238166448,0.699976921082,0.239204077273,0.08399677276700002
8,23,incongruent,0.480955839157,-0.921597949156,0.564946889877,0.380382702109,0.08399105072000002
8,24,neutral,0.528943061829,-0.929441206091,0.60493016243,0.819605090487,0.075987100601
8,25,neutral,1.52374505997,-0.929441206091,1.59172105789,-0.419629505295,0.06797599792000009
8,26,incongruent,0.700850963593,-0.921597949156,0.800853967667,0.145084994049,0.10000300407399998
8,27,neutral,0.686527013779,-0.945127719962,0.798516988754,-0.0431531723991,0.11198997497499996
8,28,incongruent,0.540894985199,-0.905911435286,0.644708156586,0.466658528397,0.10381317138699997
8,29,congruent,0.556612014771,-0.937284463027,0.672571897507,0.403912472915,0.115959882736
8,30,neutral,0.563591003418,-0.945127719962,0.65159702301,-0.301980651265,0.08800601959200005
8,31,neutral,0.540996074677,-0.976500747703,0.648959875107,0.231360820338,0.10796380043000009
8,32,congruent,0.471835136414,-0.929441206091,0.587855100632,-0.105899227882,0.11601996421799998
9,1,neutral,0.63881111145,-0.921597949156,0.73477602005,0.709799493393,0.09596490859999995
9,2,congruent,0.455614089966,-0.921597949156,0.555603027344,0.419598986785,0.09998893737800002
9,3,neutral,0.527351140976,-0.945127719962,0.587363004684,1.0,0.060011863708000046
9,4,incongruent,0.652894020081,-0.88238166448,0.716897964478,0.341166417432,0.06400394439700008
9,5,congruent,0.519103050232,-0.984344004639,0.619101047516,0.00390636921293,0.09999799728400005
9,6,incongruent,0.457013845444,-0.960814233833,0.53701376915,-0.333353679006,0.07999992370600001
9,7,congruent,0.412575006485,-0.921597949156,0.476593971252,-0.1764885403,0.06401896476699998
9,8,congruent,0.203702926636,-0.921597949156,0.267689943314,-0.0039368877224,0.06398701667799997
9,9,neutral,0.459999084473,-0.929441206091,0.543981075287,-0.0039368877224,0.08398199081400004
9,10,neutral,0.632207155228,-0.929441206091,1.10816216469,0.388225959044,0.475955009462
9,11,congruent,0.343836069107,-0.929441206091,0.415813922882,0.254890591144,0.07197785377499999
9,12,neutral,0.491866827011,-0.976500747703,0.583860874176,0.803918576617,0.09199404716499998
9,13,incongruent,0.25962805748,-0.913754692221,0.355609178543,0.741172521134,0.095981121063
9,14,neutral,0.401118993759,-0.921597949156,0.49303984642,0.419598986785,0.09192085266099997
9,15,incongruent,0.232498884201,-0.952970976897,0.344451904297,0.207831049532,0.111953020096
9,16,incongruent,0.399580001831,-0.945127719962,0.491558074951,0.584307382427,0.09197807312
9,17,neutral,0.327559947968,-0.945127719962,0.447566986084,-0.184331797235,0.120007038116
9,18,neutral,0.484288930893,-0.905911435286,0.580288887024,0.733329264199,0.09599995613100004
9,19,congruent,0.332587003708,-0.976500747703,0.420562028885,0.121555223243,0.08797502517700001
9,20,congruent,0.373011112213,-0.992187261574,0.464999914169,0.419598986785,0.09198880195600001
9,21,neutral,0.411682128906,-0.945127719962,0.487660169601,-0.0509964293344,0.07597804069500003
9,22,neutral,0.400737047195,-0.929441206091,0.484678030014,0.239204077273,0.08394098281900003
9,23,neutral,0.527936935425,-0.968657490768,0.611927032471,-0.0588396862697,0.08399009704600002
9,24,incongruent,0.440308094025,-0.984344004639,0.51229095459,-0.0117801446577,0.07198286056499997
9,25,neutral,0.433003902435,-0.945127719962,0.500995874405,-0.0353099154637,0.06799197197000006
9,26,incongruent,0.448184967041,-0.929441206091,0.532189130783,-0.0509964293344,0.08400416374199998
9,27,neutral,0.444998025894,-0.921597949156,0.504982948303,-0.207861568041,0.05998492240899994
9,28,neutral,0.700026988983,-0.905911435286,0.772032022476,-0.262764366588,0.07200503349300003
9,29,incongruent,0.434703111649,-0.960814233833,0.678698062897,0.129398480178,0.24399495124799997
9,30,neutral,0.564530849457,-0.937284463027,0.652526855469,-0.388256477554,0.08799600601199997
9,31,congruent,0.528020858765,-0.937284463027,0.612025976181,-0.137272255623,0.08400511741599992
9,32,neutral,0.548535108566,-0.960814233833,0.640517950058,-0.0196234015931,0.09198284149200009
10,1,neutral,0.621874809265,-0.929441206091,0.713866949081,-0.0117801446577,0.09199213981599996
10,2,incongruent,0.471844911575,-0.984344004639,0.547841787338,0.341166417432,0.07599687576300002
10,3,neutral,0.403681993484,-0.968657490768,0.495689153671,-0.0274666585284,0.092007160187
10,4,congruent,0.51992893219,-0.905911435286,0.611948013306,-0.113742484817,0.09201908111599999
10,5,congruent,0.436225175858,-0.921597949156,0.51224899292,-0.278450880459,0.07602381706200001
10,6,neutral,0.503993034363,-0.945127719962,0.576003074646,-0.0980559709464,0.07201004028299995
10,7,incongruent,0.528908014297,-0.929441206091,0.600936889648,-0.403942991424,0.072028875351
10,8,neutral,0.503340005875,-0.952970976897,0.587331056595,-0.105899227882,0.0839910507199999
10,9,neutral,0.556526184082,-0.945127719962,0.624546051025,0.443128757591,0.068019866943
10,10,incongruent,0.532840967178,-0.929441206091,0.612859010696,-0.207861568041,0.08001804351800001
10,11,incongruent,0.559792041779,-0.905911435286,0.643790006638,-0.090212714011,0.08399796485900002
10,12,neutral,0.520870923996,-0.929441206091,0.592876911163,0.0588091677602,0.07200598716700002
10,13,neutral,0.572374105453,-0.913754692221,0.668359994888,-0.325510422071,0.09598588943499997
10,14,neutral,0.504039049149,-0.976500747703,0.58801984787,0.0901821955016,0.08398079872099995
10,15,neutral,0.472656011581,-0.921597949156,0.560682058334,0.00390636921293,0.08802604675299996
10,16,congruent,0.420157194138,-0.945127719962,0.496151208878,0.0352793969543,0.07599401474
10,17,incongruent,0.623482942581,-0.937284463027,0.69545507431,-0.349040192877,0.07197213172899997
10,18,neutral,0.370906829834,-0.929441206091,0.434913873672,0.199987792596,0.06400704383800004
10,19,congruent,0.436419963837,-0.913754692221,0.516402959824,-0.207861568041,0.07998299598699998
10,20,incongruent,0.480710029602,-0.929441206091,0.56470990181,0.137241737114,0.08399987220800004
10,21,neutral,0.432857036591,-0.921597949156,0.496862888336,-0.0431531723991,0.06400585174500001
10,22,neutral,0.451642036438,-0.945127719962,0.519631147385,-0.403942991424,0.06798911094700005
10,23,neutral,0.520869970322,-0.929441206091,0.592847108841,-0.145115512558,0.071977138519
10,24,congruent,0.415207862854,-0.929441206091,0.471209049225,-0.403942991424,0.05600118637099999
10,25,incongruent,0.547990083694,-0.921597949156,0.611966133118,-0.223548081912,0.06397604942399993
10,26,neutral,0.391468048096,-0.937284463027,0.463469982147,-0.207861568041,0.07200193405100003
10,27,congruent,0.427262067795,-0.929441206091,0.51126909256,0.286263618885,0.084007024765
10,28,neutral,0.613025903702,-0.952970976897,0.780959844589,0.27842036195,0.16793394088699998
10,29,congruent,0.587736845016,-0.913754692221,0.699702978134,-0.0666829432051,0.11196613311799997
10,30,congruent,0.503895998001,-0.960814233833,0.587892055511,0.121555223243,0.08399605750999994
10,31,neutral,0.556706905365,-0.913754692221,0.624694824219,-0.0588396862697,0.06798791885400002
10,32,incongruent,0.493047952652,-0.921597949156,0.577008008957,-0.0431531723991,0.08396005630499997
11,1,neutral,0.519107818604,-0.905911435286,0.603111982346,-0.0039368877224,0.08400416374200004
11,2,neutral,0.520466089249,-0.984344004639,0.604460000992,-0.152958769494,0.08399391174300008
11,3,neutral,0.580816984177,-0.945127719962,0.664811849594,-0.0117801446577,0.08399486541699996
11,4,neutral,0.592689990997,-0.984344004639,0.676686048508,-0.278450880459,0.08399605751099992
11,5,incongruent,0.504373073578,-0.952970976897,1.04040622711,0.309793389691,0.5360331535320001
11,6,incongruent,0.555276870728,-0.921597949156,0.647263050079,0.317636646626,0.09198617935099995
11,7,congruent,0.49622297287,-0.976500747703,0.596227884293,0.105868709372,0.100004911423
11,8,incongruent,0.450795173645,-0.929441206091,0.56280207634,0.168614764855,0.11200690269500002
11,9,congruent,0.457082033157,-0.921597949156,0.53306388855,-0.0666829432051,0.07598185539299995
11,10,neutral,0.548321962357,-0.952970976897,0.632336854935,-0.364726706748,0.08401489257799999
11,11,neutral,0.48392701149,-0.921597949156,0.567919015884,-0.286294137394,0.08399200439399995
11,12,neutral,0.548861980438,-0.937284463027,0.668838024139,0.207831049532,0.1199760437009999
11,13,congruent,0.459729909897,-0.937284463027,0.54770898819,-0.0431531723991,0.087979078293
11,14,neutral,0.556067943573,-0.984344004639,0.648087024689,0.129398480178,0.09201908111599999
11,15,neutral,0.71876502037,-0.937284463027,0.798766136169,-0.301980651265,0.08000111579900004
11,16,congruent,0.520928859711,-0.921597949156,0.604930877686,0.145084994049,0.08400201797499995
11,17,neutral,0.727638959885,-0.945127719962,0.807662963867,-0.458845789972,0.08002400398199994
11,18,neutral,0.401017904282,-0.984344004639,0.501010894775,0.364696188238,0.09999299049300003
11,19,congruent,0.484762907028,-0.952970976897,0.604758024216,-0.0666829432051,0.11999511718799999
11,20,congruent,0.640904903412,-0.945127719962,0.736886978149,-0.254921109653,0.09598207473699993
11,21,incongruent,0.360572814941,-0.945127719962,0.444542884827,-0.145115512558,0.08397006988599998
11,22,neutral,0.952008008957,-0.937284463027,1.06403517723,0.121555223243,0.11202716827300008
11,23,congruent,0.603959083557,-0.929441206091,0.695929050446,-0.0666829432051,0.09196996688899994
11,24,incongruent,0.596956014633,-0.905911435286,0.728928089142,0.709799493393,0.13197207450900006
11,25,neutral,0.53586101532,-0.945127719962,0.63987994194,0.137241737114,0.10401892662000001
11,26,incongruent,0.612283945084,-0.952970976897,0.704275131226,0.129398480178,0.09199118614200008
11,27,incongruent,0.644824028015,-0.992187261574,1.1808218956,0.317636646626,0.535997867585
11,28,neutral,0.53999209404,-0.945127719962,0.631941080093,0.262733848079,0.09194898605299995
11,29,neutral,0.44388794899,-0.937284463027,0.539878129959,-0.0117801446577,0.09599018096899997
11,30,incongruent,0.5398209095,-0.960814233833,0.651818990707,-0.333353679006,0.11199808120700006
11,31,congruent,0.615919113159,-0.952970976897,0.723757982254,0.0980254524369,0.10783886909499996
11,32,neutral,0.474623918533,-0.874538407544,0.582654953003,0.694112979522,0.10803103446999995
12,1,neutral,0.632898807526,-0.905911435286,0.708899974823,0.498031556139,0.07600116729700002
12,2,neutral,0.460891008377,-0.945127719962,0.536856889725,0.419598986785,0.07596588134800003
12,3,congruent,0.464685201645,-0.976500747703,0.548657178879,0.0117496261483,0.08397197723400002
12,4,congruent,0.472969055176,-0.913754692221,0.548965930939,-0.0431531723991,0.07599687576300002
12,5,incongruent,0.472734928131,-0.984344004639,0.564727067947,0.568620868557,0.09199213981600002
12,6,congruent,0.407510042191,-0.952970976897,0.491505146027,0.254890591144,0.083995103836
12,7,neutral,0.576795816422,-0.921597949156,0.660780906677,0.145084994049,0.083985090255
12,8,incongruent,0.399909973145,-0.945127719962,0.467890977859,-0.42747276223,0.06798100471400004
12,9,neutral,0.582880973816,-0.984344004639,0.658930063248,0.121555223243,0.07604908943199995
12,10,neutral,0.616441965103,-0.960814233833,0.736459970474,0.145084994049,0.12001800537100005
12,11,neutral,0.47441983223,-0.976500747703,0.546440839767,-0.333353679006,0.07202100753699997
12,12,neutral,0.592867851257,-0.937284463027,0.676842927933,0.0744956816309,0.08397507667600002
12,13,incongruent,0.607701063156,-0.945127719962,0.691707134247,-0.0980559709464,0.084006071091
12,14,incongruent,0.455220222473,-0.984344004639,0.547194004059,-0.0509964293344,0.091973781586
12,15,neutral,0.540020942688,-0.921597949156,0.631997823715,-0.231391338847,0.09197688102699997
12,16,neutral,0.615384101868,-0.952970976897,1.19933700562,-0.0196234015931,0.5839529037519999
12,17,neutral,0.584881067276,-0.913754692221,0.660900115967,-0.200018311106,0.07601904869100007
12,18,neutral,0.500324010849,-0.952970976897,0.588343143463,0.223517563402,0.08801913261399996
12,19,neutral,0.604665994644,-0.945127719962,0.680677890778,-0.403942991424,0.07601189613400006
12,20,congruent,0.464579820633,-0.929441206091,0.556571960449,-0.0431531723991,0.09199213981600002
12,21,congruent,0.575619935989,-0.913754692221,0.655642032623,-0.200018311106,0.08002209663400006
12,22,congruent,0.416878938675,-0.945127719962,0.500898838043,-0.207861568041,0.08401989936799997
12,23,incongruent,0.500916004181,-0.945127719962,0.584932088852,0.145084994049,0.08401608467099997
12,24,neutral,0.514582157135,-0.945127719962,0.614566087723,0.372539445173,0.09998393058800004
12,25,incongruent,0.583640098572,-0.992187261574,0.687628984451,-0.0666829432051,0.1039888858789999
12,26,neutral,0.508955001831,-0.937284463027,0.584967136383,0.0588091677602,0.07601213455200007
12,27,congruent,0.448858976364,-0.921597949156,0.552846908569,-0.0588396862697,0.10398793220499997
12,28,incongruent,0.524047136307,-0.976500747703,0.624034166336,0.184301278726,0.099987030029
12,29,congruent,0.60350394249,-0.984344004639,0.679466962814,-0.380413220618,0.07596302032400004
12,30,neutral,0.419139862061,-0.913754692221,0.491133928299,-0.200018311106,0.07199406623799998
12,31,neutral,0.528814077377,-0.921597949156,0.620822191238,0.0195928830836,0.09200811386099994
12,32,incongruent,0.492102861404,-0.921597949156,0.556072950363,-0.42747276223,0.06397008895899997
13,1,neutral,0.62263417244,-0.88238166448,0.686614990234,0.317636646626,0.063980817794
13,2,neutral,0.49214887619,-0.874538407544,0.560139894485,0.0744956816309,0.06799101829500004
13,3,incongruent,0.454988002777,-0.913754692221,0.523008823395,0.239204077273,0.06802082061799997
13,4,incongruent,0.427706003189,-0.913754692221,0.507730960846,-0.0353099154637,0.08002495765700002
13,5,congruent,0.389050006866,-0.952970976897,0.46501994133,-0.0039368877224,0.07596993446400002
13,6,neutral,0.419497013092,-0.937284463027,0.491487979889,-0.356883449812,0.07199096679700001
13,7,neutral,0.728855848312,-0.905911435286,0.808861017227,0.199987792596,0.08000516891499998
13,8,incongruent,0.471748113632,-0.890224921415,0.543752193451,0.0666524246956,0.07200407981900003
13,9,neutral,0.464406967163,-0.937284463027,0.556362867355,-0.0039368877224,0.09195590019199995
13,10,neutral,0.619905948639,-0.945127719962,0.707872152328,-0.262764366588,0.0879662036890001
13,11,incongruent,0.5688829422,-0.968657490768,0.648864030838,-0.145115512558,0.07998108863800002
13,12,neutral,0.501139879227,-0.937284463027,0.597107887268,0.137241737114,0.09596800804100003
13,13,congruent,0.567695856094,-0.945127719962,0.679707050323,-0.137272255623,0.11201119422900008
13,14,neutral,0.527949094772,-0.937284463027,0.619954109192,0.0666524246956,0.09200501441999998
13,15,congruent,0.448621988297,-0.929441206091,0.520612955093,-0.364726706748,0.07199096679599998
13,16,congruent,0.817009210587,-0.913754692221,0.901026010513,-0.105899227882,0.08401679992599997
13,17,congruent,0.439886808395,-0.976500747703,0.523882865906,-0.0823694570757,0.08399605751099998
13,18,neutral,0.483990907669,-0.89806817835,0.575988054276,0.317636646626,0.09199714660699998
13,19,congruent,0.432773113251,-0.921597949156,0.520789146423,0.145084994049,0.08801603317200002
13,20,incongruent,0.683854818344,-0.937284463027,0.759868860245,-0.113742484817,0.07601404190100003
13,21,neutral,0.428850889206,-0.984344004639,0.524863958359,0.00390636921293,0.09601306915300001
13,22,neutral,0.435816049576,-0.937284463027,0.523813009262,-0.0509964293344,0.08799695968600002
13,23,neutral,0.528486013412,-0.937284463027,0.612492084503,-0.184331797235,0.084006071091
13,24,neutral,0.49561214447,-0.937284463027,0.58761715889,0.16077150792,0.09200501441999998
13,25,incongruent,0.532435894012,-0.945127719962,0.61244392395,-0.0666829432051,0.08000802993800005
13,26,neutral,0.500893115997,-0.937284463027,0.620896100998,0.262733848079,0.12000298500099993
13,27,incongruent,0.55997800827,-0.937284463027,1.19998502731,0.121555223243,0.6400070190399999
13,28,congruent,0.476562976837,-0.905911435286,0.568574905396,0.890194402905,0.09201192855899998
13,29,congruent,0.491341114044,-0.976500747703,0.719328165054,0.756859035005,0.22798705101
13,30,neutral,0.47896194458,-0.89806817835,0.574959039688,0.756859035005,0.09599709510799997
13,31,neutral,0.5923640728,-0.945127719962,0.668380975723,0.898037659841,0.07601690292300001
13,32,incongruent,0.540637969971,-0.851008636738,0.632670164108,0.654896694845,0.09203219413700003
14,1,neutral,0.780589818954,-0.945127719962,0.848569869995,0.741172521134,0.06798005104099991
14,2,neutral,0.391364097595,-0.874538407544,0.455398082733,0.443128757591,0.06403398513799996
14,3,incongruent,0.512103796005,-0.89806817835,0.596118927002,0.145084994049,0.08401513099699998
14,4,neutral,0.491348028183,-0.890224921415,0.563332080841,0.152928250984,0.07198405265799995
14,5,incongruent,0.588256120682,-0.929441206091,0.672276973724,0.145084994049,0.08402085304200002
14,6,neutral,0.476281166077,-0.937284463027,0.576275110245,0.435285500656,0.099993944168
14,7,neutral,0.501154184341,-0.929441206091,0.613104104996,0.364696188238,0.11194992065499998
14,8,congruent,0.463952064514,-0.984344004639,0.563943147659,0.388225959044,0.09999108314499999
14,9,congruent,0.596042156219,-0.945127719962,0.692039012909,0.356852931303,0.09599685669000002
14,10,neutral,0.493077993393,-0.968657490768,0.58905005455,0.27842036195,0.09597206115700002
14,11,incongruent,0.764131069183,-0.929441206091,0.884132146835,0.725486007263,0.12000107765199997
14,12,neutral,0.57648897171,-0.921597949156,0.672492980957,0.741172521134,0.09600400924700003
14,13,congruent,0.491750001907,-0.992187261574,0.575725793839,0.505874813074,0.083975791932
14,14,congruent,0.427906036377,-0.992187261574,0.519908905029,0.403912472915,0.09200286865200002
14,15,neutral,0.500874996185,-0.984344004639,0.60490489006,0.349009674368,0.10402989387500006
14,16,incongruent,0.545008897781,-0.937284463027,0.621020078659,0.16077150792,0.07601118087799996
14,17,neutral,0.463634967804,-0.945127719962,0.567621946335,0.27842036195,0.10398697853099997
14,18,incongruent,0.560078859329,-0.89806817835,0.664080858231,0.254890591144,0.10400199890200001
14,19,neutral,0.525030136108,-0.905911435286,0.633069992065,0.270577105014,0.10803985595700005
14,20,neutral,0.435880899429,-0.921597949156,0.535904884338,0.309793389691,0.100023984909
14,21,congruent,0.684967041016,-0.937284463027,0.772967100143,0.207831049532,0.08800005912699993
14,22,congruent,0.511502981186,-0.937284463027,0.595504999161,0.113711966308,0.08400201797499995
14,23,congruent,0.496017932892,-0.960814233833,0.608021020889,0.145084994049,0.11200308799699998
14,24,incongruent,0.55501294136,-0.960814233833,0.651005029678,0.0588091677602,0.09599208831799999
14,25,congruent,0.559090137482,-0.929441206091,0.663139104843,-0.270607623524,0.104048967361
14,26,incongruent,0.563765048981,-0.913754692221,0.659754991531,0.29410687582,0.09598994255000004
14,27,incongruent,0.455674886703,-0.937284463027,0.539655923843,0.0352793969543,0.08398103713999999
14,28,neutral,0.592726945877,-0.913754692221,0.692769050598,-0.3098239082,0.10004210472099995
14,29,neutral,0.512718200684,-0.937284463027,0.624710083008,-0.184331797235,0.11199188232400004
14,30,neutral,0.464851856232,-0.89806817835,0.540872812271,0.262733848079,0.07602095603900005
14,31,neutral,0.360076904297,-0.952970976897,0.436089038849,1.0,0.07601213455200001
14,32,neutral,0.436267137527,-0.952970976897,0.568275213242,1.0,0.132008075715
15,1,congruent,1.12831187248,-0.960814233833,1.69232702255,-0.207861568041,0.5640151500699999
15,2,neutral,0.744803190231,-0.945127719962,0.844779968262,0.145084994049,0.09997677803100002
15,3,congruent,0.434924125671,-0.913754692221,0.510927915573,-0.1764885403,0.07600378990200002
15,4,neutral,3.55176901817,-0.984344004639,4.17574310303,-0.278450880459,0.6239740848600004
15,5,incongruent,0.555342197418,-0.874538407544,0.64337015152,0.654896694845,0.08802795410200004
15,6,incongruent,0.371611118317,-0.984344004639,0.463572025299,0.0509659108249,0.09196090698199999
15,7,neutral,0.343847036362,-0.960814233833,0.427849054337,0.301950132756,0.08400201797500001
15,8,incongruent,0.31697177887,-0.913754692221,0.380958795547,-0.278450880459,0.06398701667700002
15,9,neutral,0.532917976379,-0.929441206091,0.616906881332,-0.231391338847,0.08398890495300004
15,10,neutral,0.583801031113,-0.905911435286,0.687800884247,0.301950132756,0.10399985313400006
15,11,neutral,0.471445083618,-0.929441206091,0.595416069031,0.121555223243,0.12397098541299995
15,12,neutral,0.475988149643,-0.945127719962,0.559937953949,0.631366924039,0.08394980430600002
15,13,neutral,0.435216903687,-0.984344004639,0.519243955612,0.52940458388,0.08402705192499998
15,14,incongruent,0.484353065491,-0.976500747703,0.60432100296,0.364696188238,0.11996793746900003
15,15,neutral,0.724898099899,-0.937284463027,0.816879034042,0.239204077273,0.09198093414300001
15,16,neutral,0.4641289711,-0.874538407544,0.540148019791,0.788232062746,0.07601904869100001
15,17,incongruent,0.500002145767,-0.960814233833,0.575992107391,-0.105899227882,0.07598996162400007
15,18,incongruent,0.47177696228,-0.890224921415,0.539812088013,0.0588091677602,0.06803512573299997
15,19,incongruent,0.69681096077,-0.929441206091,0.812813043594,0.490188299203,0.11600208282399993
15,20,congruent,0.483379840851,-0.937284463027,0.575397014618,0.403912472915,0.09201717376699997
15,21,congruent,0.381036996841,-0.89806817835,0.457031011581,-0.0509964293344,0.07599401474
15,22,neutral,0.468595981598,-0.945127719962,0.776585102081,0.333323160497,0.307989120483
15,23,congruent,0.528355121613,-0.937284463027,0.616321086884,-0.325510422071,0.08796596527099998
15,24,incongruent,0.519567966461,-0.929441206091,0.611541986465,0.207831049532,0.09197402000400001
15,25,congruent,0.392201185226,-0.968657490768,0.504190206528,0.231360820338,0.11198902130199995
15,26,neutral,0.576941013336,-0.952970976897,0.672911882401,0.41175572985,0.09597086906499996
15,27,congruent,0.443866014481,-0.929441206091,0.559840917587,0.231360820338,0.11597490310600006
15,28,congruent,0.406933069229,-0.945127719962,0.506907939911,0.498031556139,0.099974870682
15,29,neutral,0.47541809082,-0.929441206091,0.575423002243,0.0980254524369,0.100004911423
15,30,neutral,0.56288599968,-0.952970976897,0.66685295105,0.113711966308,0.10396695137
15,31,neutral,0.736716032028,-0.929441206091,0.816689014435,-0.356883449812,0.07997298240700002
15,32,neutral,0.612565040588,-0.929441206091,0.71661400795,0.121555223243,0.10404896736199998
16,1,incongruent,0.956842184067,-0.929441206091,1.04084801674,-0.105899227882,0.0840058326730001
16,2,neutral,0.566611051559,-0.968657490768,0.658638954163,-0.0353099154637,0.09202790260399996
16,3,neutral,0.355413913727,-0.992187261574,0.447391033173,-0.254921109653,0.09197711944600001
16,4,neutral,0.412707090378,-0.952970976897,0.504683971405,0.0509659108249,0.09197688102699997
16,5,congruent,0.535370111465,-0.952970976897,0.63139295578,-0.121585741752,0.09602284431499997
16,6,congruent,0.866786956787,-0.929441206091,0.950767040253,0.0509659108249,0.08398008346599994
16,7,incongruent,0.612421035767,-0.984344004639,0.704401016235,0.286263618885,0.09197998046799993
16,8,neutral,0.531934022903,-0.992187261574,0.603893041611,0.0901821955016,0.07195901870800003
16,9,incongruent,0.604016065598,-0.960814233833,0.676010847092,-0.380413220618,0.07199478149399996
16,10,congruent,0.403892993927,-0.945127719962,0.943858146667,-0.0509964293344,0.53996515274
16,11,incongruent,0.540282964706,-0.937284463027,0.668284893036,0.780388805811,0.12800192833000001
16,12,neutral,0.432995080948,-0.905911435286,0.508991956711,-0.090212714011,0.07599687576299996
16,13,incongruent,0.476552963257,-0.976500747703,0.560540914536,-0.0745262001404,0.083987951279
16,14,neutral,0.372263908386,-0.952970976897,0.464281797409,-0.200018311106,0.09201788902300001
16,15,congruent,0.380365133286,-0.952970976897,0.47635102272,0.733329264199,0.095985889434
16,16,neutral,0.540282964706,-0.992187261574,0.644283056259,-0.090212714011,0.10400009155299994
16,17,neutral,0.464236021042,-0.945127719962,0.528228998184,-0.364726706748,0.06399297714200003
16,18,congruent,0.483896970749,-0.929441206091,0.559908151627,0.231360820338,0.07601118087800002
16,19,incongruent,0.472182035446,-0.945127719962,0.596179962158,0.521561326945,0.12399792671199994
16,20,neutral,0.44745182991,-0.921597949156,0.527433872223,0.76470229194,0.07998204231299999
16,21,neutral,0.431830883026,-0.88238166448,0.503854990005,0.827448347423,0.07202410697900002
16,22,incongruent,0.464999914169,-0.921597949156,0.548996925354,0.607837153233,0.08399701118500003
16,23,neutral,0.444329023361,-0.976500747703,0.528317928314,0.701956236457,0.08398890495300004
16,24,neutral,0.476891994476,-0.921597949156,0.56888794899,0.780388805811,0.09199595451399994
16,25,neutral,0.564241170883,-0.913754692221,0.652229070663,0.960783715323,0.08798789977999999
16,26,congruent,0.575020074844,-0.88238166448,0.631026983261,1.0,0.05600690841700007
16,27,neutral,0.488480806351,-0.976500747703,0.564469814301,0.105868709372,0.07598900794999996
16,28,neutral,0.495815992355,-0.937284463027,0.57182598114,0.239204077273,0.07600998878500004
16,29,congruent,0.424218893051,-0.89806817835,0.492184877396,0.00390636921293,0.06796598434499995
16,30,incongruent,0.44895195961,-0.929441206091,0.524930000305,0.333323160497,0.07597804069500003
16,31,congruent,0.533013820648,-0.929441206091,0.605010032654,-0.1764885403,0.07199621200600004
16,32,neutral,0.892936229706,-0.984344004639,0.984886169434,0.560777611621,0.09194993972800003
17,1,congruent,0.511299133301,-0.858851893674,0.575277090073,0.741172521134,0.06397795677200002
17,2,neutral,0.475275993347,-0.952970976897,0.551280021667,-0.0117801446577,0.07600402831999997
17,3,neutral,0.435982942581,-0.945127719962,0.507977962494,-0.231391338847,0.07199501991299995
17,4,neutral,0.472619056702,-0.937284463027,0.540604114532,-0.207861568041,0.06798505782999997
17,5,incongruent,0.411806106567,-0.945127719962,0.495815038681,-0.200018311106,0.08400893211400001
17,6,neutral,0.9526720047,-0.945127719962,1.04464888573,-0.184331797235,0.09197688103000001
17,7,congruent,0.363615989685,-0.866695150609,0.427602052689,0.725486007263,0.063986063004
17,8,congruent,0.364977121353,-0.960814233833,0.464946985245,0.380382702109,0.09996986389200002
17,9,neutral,0.464267969131,-0.913754692221,0.552265882492,0.231360820338,0.08799791336100005
17,10,neutral,0.399944067001,-0.905911435286,0.467892885208,-0.113742484817,0.067948818207
17,11,congruent,0.391932964325,-0.913754692221,0.475938081741,0.129398480178,0.08400511741599997
17,12,neutral,0.453040838242,-0.984344004639,0.537056922913,-0.0666829432051,0.08401608467100002
17,13,congruent,0.416243076324,-0.952970976897,0.508238077164,0.443128757591,0.09199500084000006
17,14,incongruent,0.716889858246,-0.905911435286,0.81290602684,0.17645802179,0.09601616859399997
17,15,incongruent,0.475724935532,-0.945127719962,0.559691905975,0.0823389385662,0.08396697044299994
17,16,neutral,0.464371204376,-0.929441206091,0.560377120972,0.207831049532,0.096005916596
17,17,neutral,0.447607040405,-0.937284463027,0.519606113434,0.0980254524369,0.071999073029
17,18,neutral,0.476464033127,-0.929441206091,0.556468963623,-0.0196234015931,0.08000493049600005
17,19,neutral,0.592952013016,-0.976500747703,1.19693303108,0.592150639363,0.603981018064
17,20,neutral,0.480068206787,-0.976500747703,0.604057073593,0.584307382427,0.12398886680599996
17,21,incongruent,0.530918121338,-0.937284463027,0.606926202774,-0.278450880459,0.07600808143600002
17,22,neutral,0.50352191925,-0.929441206091,0.579538822174,-0.184331797235,0.07601690292399998
17,23,neutral,0.552044868469,-0.929441206091,0.636057853699,-0.215704824976,0.08401298523
17,24,neutral,0.455201148987,-0.992187261574,0.547189950943,-0.121585741752,0.09198880195600007
17,25,incongruent,0.408841133118,-0.976500747703,0.500841140747,-0.0666829432051,0.09200000762900001
17,26,congruent,0.547732114792,-0.937284463027,0.627732992172,-0.419629505295,0.08000087737999995
17,27,incongruent,0.567899942398,-0.921597949156,0.659910917282,0.372539445173,0.09201097488400001
17,28,incongruent,0.444164037704,-0.976500747703,0.556169986725,-0.29413739433,0.11200594902099997
17,29,congruent,0.561074972153,-0.968657490768,0.653082132339,0.270577105014,0.09200716018600008
17,30,neutral,0.611459970474,-0.913754692221,0.715481996536,0.513718070009,0.10402202606199995
17,31,incongruent,0.504362106323,-0.976500747703,0.60435295105,0.490188299203,0.09999084472699993
17,32,congruent,0.51971411705,-0.976500747703,0.611706018448,0.301950132756,0.09199190139799995
18,1,incongruent,0.600467920303,-0.905911435286,0.684438943863,0.364696188238,0.08397102355999997
18,2,congruent,0.454998970032,-0.937284463027,0.538984775543,0.168614764855,0.08398580551099993
18,3,neutral,0.503554105759,-0.905911435286,0.575567960739,0.262733848079,0.07201385498000001
18,4,neutral,0.480033874512,-0.937284463027,0.564016819,0.450972014527,0.08398294448799998
18,5,neutral,0.548367023468,-0.937284463027,0.660326004028,0.286263618885,0.11195898055999998
18,6,neutral,0.484833955765,-0.976500747703,0.568851947784,0.599993896298,0.08401799201899995
18,7,congruent,0.327804088593,-0.89806817835,0.411827087402,0.662739951781,0.08402299880900005
18,8,incongruent,0.404005050659,-0.937284463027,0.495991945267,0.607837153233,0.09198689460800002
18,9,neutral,0.443547964096,-0.929441206091,0.535565853119,0.349009674368,0.09201788902299995
18,10,neutral,0.464524030685,-0.984344004639,0.548509120941,0.403912472915,0.08398509025600004
18,11,congruent,0.40882396698,-0.929441206091,0.49284696579,0.199987792596,0.08402299880999997
18,12,neutral,0.496839046478,-0.945127719962,0.576802968979,0.513718070009,0.07996392250099998
18,13,neutral,0.520567893982,-0.929441206091,0.592545032501,0.152928250984,0.071977138519
18,14,neutral,0.536159992218,-0.976500747703,0.624191999435,0.396069215979,0.088032007217
18,15,neutral,0.460512876511,-0.984344004639,0.544507026672,-0.286294137394,0.08399415016100004
18,16,congruent,0.472922086716,-0.952970976897,0.556920051575,0.0980254524369,0.08399796485900002
18,17,neutral,0.448188066483,-0.929441206091,0.516206979752,0.0509659108249,0.068018913269
18,18,neutral,0.512881040573,-0.952970976897,0.608858108521,-0.0666829432051,0.09597706794799998
18,19,neutral,0.512510061264,-0.921597949156,0.604511022568,0.152928250984,0.09200096130400004
18,20,congruent,0.504896879196,-0.937284463027,1.00088596344,0.498031556139,0.495989084244
18,21,neutral,0.547257900238,-0.937284463027,0.643259048462,0.64705343791,0.09600114822399997
18,22,incongruent,0.456732034683,-0.89806817835,0.53271317482,0.607837153233,0.07598114013700003
18,23,congruent,0.591495990753,-0.913754692221,0.67550110817,0.749015778069,0.08400511741700001
18,24,incongruent,0.484904050827,-0.952970976897,0.588907957077,0.419598986785,0.10400390625000006
18,25,neutral,0.47588300705,-0.913754692221,0.58789896965,0.584307382427,0.11201596260000002
18,26,incongruent,0.555730104446,-0.945127719962,0.659736156464,0.560777611621,0.10400605201799995
18,27,congruent,0.672066926956,-0.929441206091,0.764039039612,-0.317667165136,0.09197211265600003
18,28,congruent,0.440438985825,-0.937284463027,0.532445907593,0.427442243721,0.09200692176800002
18,29,incongruent,0.480947971344,-0.945127719962,0.576888799667,0.364696188238,0.095940828323
18,30,incongruent,0.568727016449,-0.952970976897,0.652740955353,0.27842036195,0.084013938904
18,31,incongruent,0.392791986465,-0.952970976897,0.472794771194,0.192144535661,0.08000278472899996
18,32,neutral,0.539862155914,-0.921597949156,0.631897211075,0.552934354686,0.09203505516099997
19,1,neutral,0.903319835663,-0.945127719962,1.00330281258,0.52940458388,0.09998297691700009
19,2,congruent,0.484405994415,-0.921597949156,0.560395002365,0.372539445173,0.07598900794999996
19,3,neutral,0.396001815796,-0.921597949156,0.455976009369,-0.356883449812,0.05997419357299999
19,4,neutral,0.436064958572,-0.968657490768,0.520036935806,-0.0431531723991,0.08397197723399996
19,5,congruent,0.447752952576,-0.89806817835,0.531708955765,0.372539445173,0.08395600318899998
19,6,neutral,0.348448991776,-0.945127719962,0.428447961807,-0.0980559709464,0.07999897003099998
19,7,neutral,0.478904008865,-0.945127719962,0.566906929016,0.239204077273,0.08800292015100003
19,8,neutral,0.427854061127,-0.937284463027,0.511852025986,0.427442243721,0.08399796485900002
19,9,incongruent,0.520624160767,-0.929441206091,0.588593006134,0.0744956816309,0.06796884536699999
19,10,neutral,0.37177491188,-0.952970976897,0.455788850784,0.199987792596,0.084013938904
19,11,incongruent,0.428826093674,-0.976500747703,0.504791021347,0.0431226538896,0.07596492767300006
19,12,congruent,0.559955120087,-0.937284463027,0.643986940384,0.29410687582,0.08403182029699996
19,13,neutral,0.479767084122,-0.968657490768,0.5717420578,0.458815271462,0.091974973678
19,14,congruent,0.440918922424,-0.945127719962,0.520935058594,0.262733848079,0.08001613617000003
19,15,incongruent,0.352097988129,-0.937284463027,0.424088001251,0.16077150792,0.07199001312199999
19,16,neutral,0.515831947327,-0.952970976897,1.08380794525,0.0274361400189,0.567975997923
19,17,incongruent,0.460470914841,-0.976500747703,0.568454027176,0.333323160497,0.10798311233500002
19,18,neutral,0.576364040375,-0.945127719962,0.660341978073,-0.121585741752,0.083977937698
19,19,congruent,0.353028059006,-0.921597949156,0.445018053055,0.286263618885,0.09198999404899999
19,20,incongruent,0.484616994858,-0.921597949156,0.584603071213,0.301950132756,0.09998607635500001
19,21,neutral,0.500921010971,-0.952970976897,0.596885919571,0.709799493393,0.09596490860000007
19,22,congruent,0.492209911346,-0.945127719962,0.584206104279,-0.0588396862697,0.09199619293299999
19,23,neutral,0.517035007477,-0.952970976897,0.625037193298,0.458815271462,0.10800218582099996
19,24,incongruent,0.555880069733,-0.952970976897,0.647876977921,0.372539445173,0.09199690818799999
19,25,incongruent,0.547178030014,-0.921597949156,0.651162147522,0.403912472915,0.10398411750799996
19,26,neutral,0.435719966888,-0.937284463027,0.519695997238,0.0352793969543,0.08397603034999995
19,27,neutral,0.688982009888,-0.976500747703,0.760986089706,-0.396099734489,0.07200407981800006
19,28,incongruent,0.513011217117,-0.945127719962,0.613018035889,0.0352793969543,0.1000068187719999
19,29,neutral,0.520589113235,-0.960814233833,0.63259601593,0.16077150792,0.11200690269500002
19,30,congruent,0.503607988358,-0.913754692221,0.59560585022,0.0509659108249,0.09199786186199999
19,31,neutral,0.436870098114,-0.976500747703,0.536859989166,0.309793389691,0.09998989105199996
19,32,congruent,0.407385110855,-0.874538407544,0.475378990173,0.247047334208,0.067993879318
20,1,neutral,0.483381032944,-0.913754692221,0.575356960297,0.231360820338,0.09197592735300003
20,2,neutral,0.472061157227,-0.937284463027,0.556039094925,0.686269722587,0.08397793769800005
20,3,congruent,0.575448989868,-0.921597949156,0.651427030563,0.16077150792,0.07597804069500003
20,4,incongruent,0.483070850372,-0.984344004639,0.591087818146,-0.145115512558,0.108016967774
20,5,neutral,0.596925020218,-0.937284463027,0.67294216156,-0.0588396862697,0.076017141342
20,6,neutral,0.539664983749,-0.976500747703,0.623688936234,0.427442243721,0.08402395248500005
20,7,neutral,0.499527931213,-0.937284463027,0.599519968033,0.231360820338,0.09999203682000002
20,8,incongruent,0.547675848007,-0.921597949156,0.631693840027,0.113711966308,0.08401799202000004
20,9,congruent,0.440858840942,-0.937284463027,0.5208568573,0.199987792596,0.07999801635799997
20,10,neutral,0.496984958649,-0.937284463027,0.581004142761,-0.0039368877224,0.08401918411199999
20,11,neutral,0.73184800148,-0.913754692221,0.819836854935,-0.105899227882,0.08798885345500007
20,12,neutral,0.404671907425,-0.921597949156,0.480664014816,-0.278450880459,0.07599210739100004
20,13,incongruent,0.455559015274,-0.929441206091,0.539530992508,-0.0980559709464,0.08397197723399996
20,14,neutral,0.428816080093,-0.913754692221,0.512789011002,-0.152958769494,0.08397293090900004
20,15,congruent,0.408947944641,-0.929441206091,0.492962121964,0.129398480178,0.08401417732300004
20,16,neutral,0.583667039871,-0.937284463027,0.671653032303,0.0588091677602,0.087985992432
20,17,incongruent,0.871937036514,-0.921597949156,1.59993290901,0.0666524246956,0.7279958724960001
20,18,incongruent,0.44383597374,-0.937284463027,0.54382610321,0.356852931303,0.09999012947000002
20,19,congruent,0.380846977234,-0.921597949156,0.476866006851,0.254890591144,0.09601902961699998
20,20,congruent,0.352021932602,-0.921597949156,0.436022996902,0.137241737114,0.08400106430000004
20,21,neutral,0.476897001266,-0.913754692221,0.57687497139,0.490188299203,0.099977970124
20,22,congruent,0.464134931564,-0.929441206091,0.592163801193,0.184301278726,0.12802886962900006
20,23,congruent,0.444950819016,-0.937284463027,0.512964010239,-0.0509964293344,0.06801319122299998
20,24,incongruent,0.742698907852,-0.976500747703,1.23864603043,0.333323160497,0.495947122578
20,25,incongruent,0.464488983154,-0.937284463027,0.564477920532,0.450972014527,0.09998893737799996
20,26,incongruent,0.511101007462,-0.937284463027,0.60307097435,0.560777611621,0.09196996688799997
20,27,neutral,0.424894094467,-0.992187261574,0.536906003952,0.0980254524369,0.11201190948500006
20,28,neutral,0.408200979233,-0.945127719962,0.528227090836,0.380382702109,0.12002611160299992
20,29,neutral,0.396055936813,-0.945127719962,0.516052007675,0.419598986785,0.11999607086200004
20,30,neutral,0.372982025146,-0.905911435286,0.472992897034,0.584307382427,0.10001087188800001
20,31,congruent,0.548090934753,-0.929441206091,0.652101993561,0.662739951781,0.10401105880799999
20,32,neutral,0.613001823425,-0.952970976897,0.701024055481,0.309793389691,0.08802223205600002
21,1,congruent,0.435087919235,-0.945127719962,0.531075000763,0.262733848079,0.09598708152799995
21,2,congruent,0.40904378891,-0.952970976897,0.493050813675,0.129398480178,0.084007024765
21,3,neutral,0.483122110367,-0.913754692221,0.583107948303,-0.113742484817,0.09998583793599997
21,4,neutral,0.456813097,-0.976500747703,0.548760175705,0.184301278726,0.09194707870500002
21,5,neutral,0.661018848419,-0.929441206091,0.785027980804,0.372539445173,0.124009132385
21,6,neutral,0.504473924637,-0.89806817835,0.568430900574,-0.270607623524,0.063956975937
21,7,incongruent,0.472880125046,-0.945127719962,0.568864107132,0.41175572985,0.09598398208599995
21,8,congruent,0.447200059891,-0.945127719962,0.539188146591,-0.215704824976,0.09198808670000003
21,9,neutral,0.481086969376,-0.929441206091,0.573088884354,-0.129428998688,0.09200191497799998
21,10,neutral,0.775950193405,-0.929441206091,1.37985706329,-0.152958769494,0.603906869885
21,11,neutral,0.50111413002,-0.992187261574,0.589066028595,-0.0980559709464,0.08795189857499996
21,12,congruent,0.475364208221,-0.976500747703,0.583330154419,0.0509659108249,0.10796594619800004
21,13,incongruent,0.552784919739,-0.952970976897,0.644754886627,-0.113742484817,0.09196996688799997
21,14,congruent,0.583245992661,-0.960814233833,0.66721701622,-0.466689046907,0.08397102355899999
21,15,incongruent,0.379945039749,-0.968657490768,0.471915960312,0.0823389385662,0.09197092056299999
21,16,neutral,0.498878002167,-0.89806817835,0.594841003418,0.513718070009,0.09596300125099994
21,17,incongruent,0.540467977524,-0.945127719962,0.61651802063,0.615680410169,0.07605004310600005
21,18,incongruent,0.435867071152,-0.937284463027,0.531883001328,-0.113742484817,0.09601593017600002
21,19,neutral,0.484612941742,-0.960814233833,0.596606016159,0.105868709372,0.11199307441700002
21,20,congruent,0.548585891724,-0.952970976897,0.640565872192,0.152928250984,0.09197998046800004
21,21,incongruent,0.5396900177,-0.945127719962,0.667704820633,0.552934354686,0.12801480293299994
21,22,neutral,0.504431962967,-0.937284463027,0.596405029297,0.231360820338,0.09197306633000002
21,23,incongruent,0.504104137421,-0.976500747703,0.616084098816,0.599993896298,0.111979961395
21,24,incongruent,0.79172706604,-0.905911435286,0.875726938248,0.286263618885,0.08399987220799998
21,25,congruent,0.540286064148,-0.89806817835,0.640272140503,0.709799493393,0.09998607635500001
21,26,neutral,0.612468004227,-0.890224921415,0.712463140488,0.929410687582,0.09999513626099998
21,27,neutral,0.463563919067,-0.952970976897,0.547546863556,0.709799493393,0.08398294448900001
21,28,neutral,0.505064964294,-0.960814233833,0.617053985596,0.41175572985,0.11198902130199995
21,29,neutral,0.703850030899,-0.960814233833,0.787871837616,0.388225959044,0.08402180671699999
21,30,neutral,0.412132978439,-0.968657490768,0.512089014053,0.333323160497,0.09995603561400002
21,31,neutral,0.471061944962,-0.945127719962,0.563092947006,0.364696188238,0.092031002044
21,32,congruent,0.491259098053,-0.929441206091,0.643249034882,0.788232062746,0.15198993682900003
22,1,congruent,0.508150100708,-0.937284463027,0.608175992966,0.505874813074,0.10002589225799996
22,2,congruent,0.464907169342,-0.913754692221,0.556859016418,0.780388805811,0.09195184707599996
22,3,neutral,0.519858121872,-0.937284463027,0.603888988495,0.0588091677602,0.08403086662299997
22,4,neutral,0.619845867157,-0.937284463027,0.739842891693,0.199987792596,0.11999702453600003
22,5,neutral,0.501049995422,-0.952970976897,0.613038063049,0.552934354686,0.11198806762699998
22,6,neutral,0.527957201004,-0.937284463027,0.751953125,0.686269722587,0.223995923996
22,7,incongruent,0.527590990067,-0.874538407544,0.627600908279,0.843134861293,0.1000099182119999
22,8,congruent,0.436886072159,-0.945127719962,0.536867141724,0.113711966308,0.09998106956499997
22,9,incongruent,0.540102005005,-0.960814233833,0.668071985245,0.129398480178,0.12796998023999995
22,10,neutral,0.63286614418,-0.937284463027,0.756864070892,0.16077150792,0.12399792671200005
22,11,congruent,0.483806848526,-0.89806817835,0.519773006439,0.121555223243,0.03596615791300006
22,12,congruent,0.463677883148,-0.929441206091,0.567677021027,0.0901821955016,0.103999137879
22,13,incongruent,0.602426052094,-0.937284463027,0.746433019638,0.223517563402,0.144006967544
22,14,neutral,0.47284579277,-0.937284463027,0.572872877121,0.192144535661,0.100027084351
22,15,neutral,0.587507009506,-0.921597949156,0.679492950439,0.152928250984,0.09198594093300005
22,16,incongruent,0.864900112152,-0.984344004639,0.97690320015,-0.286294137394,0.11200308799799996
22,17,neutral,0.624336957932,-0.913754692221,0.732299804688,0.356852931303,0.1079628467560001
22,18,incongruent,0.852863073349,-0.937284463027,1.2928481102,0.780388805811,0.439985036851
22,19,neutral,1.19255304337,-0.905911435286,1.2925491333,0.52940458388,0.09999608993000009
22,20,congruent,0.904361963272,-0.937284463027,1.00432300568,0.145084994049,0.09996104240800008
22,21,incongruent,0.676963806152,-0.913754692221,0.788960933685,0.372539445173,0.11199712753299995
22,22,neutral,0.586999893188,-0.913754692221,0.691009044647,0.356852931303,0.10400915145899992
22,23,neutral,0.603955984116,-0.921597949156,0.73592710495,0.458815271462,0.13197112083399998
22,24,congruent,0.623337030411,-0.937284463027,0.743293046951,0.513718070009,0.11995601653999999
22,25,neutral,0.471436977386,-0.945127719962,0.567445993423,-0.129428998688,0.09600901603699996
22,26,neutral,0.734956026077,-0.952970976897,1.00297498703,-0.0353099154637,0.26801896095300004
22,27,congruent,0.493010044098,-0.913754692221,0.596992015839,0.207831049532,0.10398197174099999
22,28,neutral,0.676930904388,-0.929441206091,0.772907972336,-0.0588396862697,0.09597706794799998
22,29,neutral,0.531965970993,-0.921597949156,0.615976810455,0.388225959044,0.08401083946199994
22,30,neutral,0.476737976074,-0.984344004639,0.568709850311,0.0431226538896,0.09197187423699998
22,31,incongruent,0.472882986069,-0.937284463027,0.548826932907,-0.372569963683,0.07594394683800004
22,32,incongruent,0.520578861237,-0.945127719962,0.632565021515,-0.19217505417,0.11198616027800001
23,1,neutral,0.663779020309,-0.945127719962,0.779769182205,0.0823389385662,0.11599016189599998
23,2,incongruent,0.688814878464,-0.929441206091,0.796804904938,-0.19217505417,0.10799002647400002
23,3,neutral,0.495522975922,-0.913754692221,0.607532978058,0.0509659108249,0.11201000213599999
23,4,incongruent,0.596005916595,-0.921597949156,0.708040952682,0.17645802179,0.11203503608699994
23,5,neutral,0.641062021255,-0.968657490768,0.761044025421,-0.254921109653,0.11998200416600002
23,6,neutral,0.596188783646,-0.945127719962,0.716182947159,-0.0823694570757,0.11999416351299996
23,7,congruent,0.407821178436,-0.945127719962,0.511795043945,0.607837153233,0.10397386550899995
23,8,incongruent,0.427329063416,-0.913754692221,0.539317131042,0.427442243721,0.11198806762599994
23,9,incongruent,0.509129047394,-0.984344004639,0.633086204529,0.215674306467,0.123957157135
23,10,neutral,0.575441122055,-0.952970976897,0.667423009872,0.16077150792,0.09198188781700001
23,11,neutral,0.536304950714,-0.913754692221,0.632280826569,0.317636646626,0.095975875855
23,12,neutral,0.576804876328,-0.976500747703,0.660801887512,-0.215704824976,0.08399701118399994
23,13,neutral,0.548295974731,-0.984344004639,0.65228509903,0.0980254524369,0.10398912429899998
23,14,neutral,0.488718032837,-0.921597949156,0.600723981857,-0.0274666585284,0.11200594902000005
23,15,neutral,0.564702033997,-0.945127719962,0.6407289505,-0.0353099154637,0.07602691650299997
23,16,incongruent,0.668034076691,-0.945127719962,0.76803612709,0.0980254524369,0.10000205039900001
23,17,incongruent,0.519765138626,-0.976500747703,0.631765127182,0.0901821955016,0.11199998855599991
23,18,neutral,0.573046922684,-0.984344004639,0.665030002594,0.372539445173,0.09198307990999999
23,19,incongruent,0.408197164536,-0.89806817835,0.484203100204,0.725486007263,0.07600593566799996
23,20,neutral,0.456207990646,-0.945127719962,0.552181959152,0.490188299203,0.09597396850599998
23,21,congruent,0.468463897705,-0.960814233833,0.548425912857,-0.325510422071,0.07996201515200002
23,22,congruent,0.492918014526,-0.968657490768,0.604917049408,0.0823389385662,0.11199903488199997
23,23,neutral,0.4839220047,-0.937284463027,0.579909086227,0.474501785333,0.09598708152699997
23,24,congruent,0.412937879562,-0.913754692221,0.492919921875,-0.0431531723991,0.07998204231299999
23,25,congruent,0.491707086563,-0.952970976897,0.591716051102,0.145084994049,0.10000896453899999
23,26,congruent,0.620844841003,-0.984344004639,0.764838933945,-0.200018311106,0.14399409294200005
23,27,congruent,0.912451982498,-0.952970976897,1.02042889595,0.152928250984,0.10797691345200011
23,28,congruent,0.680073976517,-0.929441206091,0.780107021332,-0.270607623524,0.10003304481500008
23,29,neutral,0.567239999771,-0.929441206091,0.687175035477,-0.105899227882,0.11993503570599995
23,30,incongruent,0.583480834961,-0.937284463027,0.687469005585,0.560777611621,0.10398817062400001
23,31,neutral,0.779820919037,-0.921597949156,0.883796930313,-0.0274666585284,0.10397601127599998
23,32,neutral,0.451904058456,-0.945127719962,0.535892009735,0.0744956816309,0.08398795127899994
24,1,incongruent,0.560476064682,-0.929441206091,0.660459041595,-0.0117801446577,0.09998297691300007
24,2,incongruent,0.388861894608,-0.921597949156,0.472869873047,-0.129428998688,0.08400797843899999
24,3,congruent,0.430619955063,-0.929441206091,0.526608943939,-0.0431531723991,0.09598898887600005
24,4,incongruent,0.427710056305,-0.952970976897,0.535699129105,-0.145115512558,0.10798907279999997
24,5,neutral,0.447856903076,-0.913754692221,0.539840936661,0.0588091677602,0.09198403358499996
24,6,neutral,0.68816280365,-0.984344004639,0.772166013718,-0.388256477554,0.08400321006799993
24,7,neutral,0.871798992157,-0.937284463027,0.975772857666,-0.0823694570757,0.10397386550900001
24,8,neutral,0.583946943283,-0.913754692221,0.659917831421,-0.0666829432051,0.07597088813800001
24,9,incongruent,0.539709091187,-0.937284463027,0.63173699379,0.443128757591,0.09202790260300009
24,10,neutral,0.555202960968,-0.968657490768,0.63124704361,0.490188299203,0.07604408264199991
24,11,neutral,0.619308948517,-0.984344004639,0.703301906586,-0.0745262001404,0.08399295806899998
24,12,congruent,0.603907108307,-0.952970976897,0.795891046524,0.0588091677602,0.191983938217
24,13,neutral,0.471426963806,-0.921597949156,0.547435998917,1.0,0.07600903511099999
24,14,neutral,0.503903865814,-0.905911435286,0.595919847488,0.231360820338,0.09201598167399994
24,15,neutral,0.451883077621,-0.984344004639,0.563889026642,0.00390636921293,0.11200594902100003
24,16,congruent,0.36437702179,-0.968657490768,0.464349985123,0.0980254524369,0.09997296333300004
24,17,neutral,0.624560117722,-0.945127719962,0.70854306221,-0.388256477554,0.08398294448799992
24,18,neutral,0.399336099625,-0.952970976897,0.499315023422,0.192144535661,0.09997892379700002
24,19,congruent,0.512752056122,-0.945127719962,1.23675107956,0.0509659108249,0.723999023438
24,20,neutral,0.645020961761,-0.968657490768,0.772995948792,0.364696188238,0.12797498703099996
24,21,neutral,0.419430017471,-0.937284463027,0.507426977158,0.380382702109,0.087996959687
24,22,incongruent,0.480154037476,-0.960814233833,0.584136009216,-0.0980559709464,0.10398197173999996
24,23,neutral,0.400989055634,-0.976500747703,0.468966007233,-0.0117801446577,0.06797695159900002
24,24,congruent,0.411777019501,-0.952970976897,0.50377702713,-0.317667165136,0.09200000762900007
24,25,congruent,0.363963127136,-0.968657490768,0.455909967422,-0.0353099154637,0.09194684028600003
24,26,congruent,0.723614931107,-0.937284463027,0.811571836472,-0.0353099154637,0.087956905365
24,27,congruent,0.399724960327,-0.913754692221,0.479737997055,0.0352793969543,0.08001303672799998
24,28,neutral,0.479848861694,-0.89806817835,0.575855970383,-0.0353099154637,0.09600710868899998
24,29,neutral,0.50469493866,-0.929441206091,0.59667801857,0.129398480178,0.09198307990999999
24,30,incongruent,1.05590701103,-0.937284463027,1.15991091728,0.16077150792,0.10400390625
24,31,incongruent,0.632430076599,-0.968657490768,0.716392993927,0.388225959044,0.08396291732799999
24,32,incongruent,0.519170999527,-0.952970976897,0.611200094223,0.349009674368,0.09202909469600007
25,1,incongruent,0.528902053833,-0.937284463027,0.60492515564,-0.325510422071,0.076023101807
25,2,incongruent,0.456523895264,-0.976500747703,0.55252289772,0.207831049532,0.09599900245599996
25,3,congruent,0.519635915756,-0.921597949156,0.607600927353,0.239204077273,0.08796501159699999
25,4,neutral,0.373054027557,-0.929441206091,0.461081027985,-0.349040192877,0.08802700042799999
25,5,neutral,0.5047519207,-0.952970976897,0.584753036499,-0.458845789972,0.08000111579900004
25,6,incongruent,0.39996099472,-0.937284463027,0.499955892563,-0.0353099154637,0.09999489784299997
25,7,incongruent,0.470809936523,-0.945127719962,0.582788944244,0.41175572985,0.11197900772099995
25,8,congruent,0.508589029312,-0.945127719962,0.620599985123,-0.160802026429,0.11201095581099996
25,9,neutral,0.392863035202,-0.921597949156,0.472867012024,-0.1764885403,0.080003976822
25,10,incongruent,0.38015794754,-0.905911435286,0.464164972305,-0.0980559709464,0.084007024765
25,11,neutral,0.452856063843,-0.992187261574,0.544838190079,0.333323160497,0.09198212623600005
25,12,congruent,0.375761032104,-0.945127719962,0.455749988556,-0.215704824976,0.07998895645199999
25,13,neutral,0.42480802536,-0.976500747703,0.520776987076,-0.356883449812,0.09596896171599995
25,14,neutral,0.540187835693,-0.952970976897,0.632124900818,0.152928250984,0.091937065125
25,15,neutral,0.596651792526,-0.945127719962,1.90865302086,-0.254921109653,1.3120012283340001
25,16,neutral,0.482895851135,-0.945127719962,0.594887018204,-0.0509964293344,0.11199116706900003
25,17,neutral,0.484121084213,-0.921597949156,0.576110124588,-0.0745262001404,0.09198904037500005
25,18,neutral,0.443382978439,-0.937284463027,0.531358957291,0.403912472915,0.08797597885200004
25,19,congruent,0.487226009369,-0.945127719962,0.587260007858,0.145084994049,0.10003399848900002
25,20,neutral,0.528954029083,-0.984344004639,0.628949165344,0.223517563402,0.09999513626099998
25,21,neutral,0.483563184738,-0.984344004639,0.575525999069,0.17645802179,0.09196281433100006
25,22,incongruent,0.436008930206,-0.921597949156,0.532015800476,0.474501785333,0.09600687026999993
25,23,neutral,0.435347080231,-0.960814233833,0.551336050034,0.0352793969543,0.115988969803
25,24,neutral,0.499944925308,-0.929441206091,0.739943027496,0.403912472915,0.23999810218800005
25,25,congruent,0.638964891434,-0.905911435286,0.738987922668,-0.3098239082,0.10002303123399992
25,26,incongruent,0.536999940872,-0.945127719962,0.633010864258,0.0588091677602,0.09601092338600004
25,27,congruent,0.6649081707,-0.937284463027,0.912885189056,0.207831049532,0.24797701835600006
25,28,congruent,0.527942895889,-0.921597949156,0.627933979034,0.396069215979,0.09999108314499994
25,29,incongruent,0.352818965912,-0.976500747703,0.456789970398,0.231360820338,0.103971004486
25,30,neutral,0.424337863922,-0.976500747703,0.512315988541,0.372539445173,0.08797812461900001
25,31,congruent,0.432001113892,-0.945127719962,0.515962123871,-0.231391338847,0.08396100997900002
25,32,neutral,0.464066982269,-0.960814233833,0.548051834106,-0.278450880459,0.083984851837
26,1,neutral,0.547940015793,-0.945127719962,0.639909029007,0.364696188238,0.09196901321399997
26,2,neutral,0.435523986816,-0.937284463027,0.519504070282,-0.0196234015931,0.08398008346599994
26,3,neutral,0.379841089249,-0.945127719962,0.463800191879,0.0588091677602,0.08395910263
26,4,neutral,0.484775066376,-0.913754692221,0.576768875122,-0.278450880459,0.09199380874600005
26,5,neutral,0.487880945206,-0.913754692221,0.571891069412,-0.278450880459,0.08401012420599996
26,6,neutral,0.527886867523,-0.952970976897,0.603887796402,-0.364726706748,0.07600092887900001
26,7,congruent,0.414748907089,-0.929441206091,0.526758909225,0.207831049532,0.11201000213600004
26,8,incongruent,0.427526950836,-0.929441206091,0.631501913071,0.0431226538896,0.203974962235
26,9,congruent,0.58086180687,-0.984344004639,0.672860860825,-0.0509964293344,0.09199905395499997
26,10,incongruent,0.527853965759,-0.89806817835,0.631841897964,0.592150639363,0.10398793220500002
26,11,neutral,0.587646007538,-0.945127719962,0.699638128281,0.364696188238,0.11199212074300002
26,12,incongruent,0.400182008743,-0.945127719962,0.492176055908,0.0274361400189,0.09199404716500004
26,13,congruent,0.576870918274,-0.905911435286,0.668838024139,-0.0745262001404,0.0919671058649999
26,14,incongruent,0.558702945709,-0.937284463027,0.638690948486,-0.137272255623,0.07998800277700002
26,15,congruent,0.54761505127,-0.945127719962,0.623656988144,-0.090212714011,0.07604193687399996
26,16,incongruent,0.532072782516,-0.976500747703,0.616062879562,0.0274361400189,0.08399009704600002
26,17,congruent,0.724990844727,-0.905911435286,0.808969020844,0.498031556139,0.08397817611699998
26,18,neutral,0.491987943649,-0.921597949156,0.555953025818,0.341166417432,0.06396508216899999
26,19,neutral,0.376314878464,-0.905911435286,0.420286893845,0.145084994049,0.043972015380999985
26,20,incongruent,0.519860982895,-0.858851893674,0.583862066269,0.670583208716,0.0640010833739999
26,21,incongruent,0.687887907028,-0.952970976897,0.759866952896,-0.152958769494,0.07197904586800008
26,22,neutral,0.452288866043,-0.945127719962,0.528305053711,-0.0196234015931,0.076016187668
26,23,incongruent,0.645051002502,-0.952970976897,0.729053020477,0.0117496261483,0.08400201797500007
26,24,neutral,0.4506919384,-0.929441206091,0.526676893234,-0.145115512558,0.07598495483400003
26,25,congruent,0.431208133698,-0.905911435286,0.515209197998,0.16077150792,0.08400106430000004
26,26,neutral,0.47601890564,-0.968657490768,0.576015949249,0.0195928830836,0.09999704360900002
26,27,neutral,0.500509023666,-0.937284463027,0.596504926682,-0.0823694570757,0.09599590301599992
26,28,congruent,0.464533090591,-0.952970976897,0.54854798317,0.152928250984,0.08401489257899997
26,29,neutral,0.471727132797,-0.976500747703,0.559700965881,-0.121585741752,0.08797383308400003
26,30,congruent,0.464685916901,-0.945127719962,0.56464600563,-0.0823694570757,0.09996008872900003
26,31,neutral,0.566694974899,-0.945127719962,0.650695800781,-0.301980651265,0.08400082588199997
26,32,neutral,0.548851966858,-0.945127719962,0.648824930191,-0.388256477554,0.09997296333299999
27,1,neutral,0.566640138626,-0.945127719962,0.658644199371,-0.0431531723991,0.092004060745
27,2,congruent,0.484925031662,-0.929441206091,0.560946941376,-0.0117801446577,0.07602190971399997
27,3,congruent,0.30085515976,-0.89806817835,0.380839109421,0.199987792596,0.07998394966100003
27,4,incongruent,0.376613855362,-0.921597949156,0.452584981918,-0.0823694570757,0.07597112655600002
27,5,incongruent,0.417057037354,-0.976500747703,0.605015993118,0.145084994049,0.187958955764
27,6,neutral,0.59645819664,-0.929441206091,0.680448055267,-0.0431531723991,0.08398985862700004
27,7,neutral,0.596958875656,-0.890224921415,0.668947935104,-0.200018311106,0.07198905944799994
27,8,neutral,0.610813140869,-0.937284463027,0.694826126099,-0.29413739433,0.08401298523
27,9,incongruent,0.516942977905,-0.960814233833,0.592917919159,-0.145115512558,0.07597494125400006
27,10,neutral,0.557017803192,-0.929441206091,0.653017997742,-0.239234595782,0.09600019454999997
27,11,congruent,0.499846935272,-0.945127719962,0.603847026825,0.0117496261483,0.104000091553
27,12,neutral,0.558874130249,-0.89806817835,0.642878055573,-0.0117801446577,0.08400392532400003
27,13,neutral,0.528325080872,-0.984344004639,0.604314088821,-0.0823694570757,0.07598900794899999
27,14,congruent,0.40340089798,-0.952970976897,0.479455947876,-0.490218817713,0.07605504989599998
27,15,neutral,0.536233901978,-0.937284463027,1.10822105408,-0.152958769494,0.5719871521019999
27,16,neutral,0.932933807373,-0.952970976897,1.016933918,-0.105899227882,0.08400011062700008
27,17,neutral,1.23051214218,-0.921597949156,1.32250595093,-0.19217505417,0.09199380874999985
27,18,neutral,0.484941959381,-0.937284463027,0.560927867889,0.129398480178,0.07598590850799997
27,19,incongruent,0.799934148788,-0.976500747703,1.31189393997,0.137241737114,0.5119597911820001
27,20,neutral,0.644200086594,-0.945127719962,0.716180086136,-0.0117801446577,0.07197999954200007
27,21,congruent,0.668859004974,-0.952970976897,0.772865056992,0.0431226538896,0.10400605201800006
27,22,neutral,0.485041856766,-0.913754692221,0.625023841858,0.27842036195,0.139981985092
27,23,neutral,0.496865987778,-0.984344004639,0.572850942612,-0.1764885403,0.07598495483399997
27,24,incongruent,0.444628953934,-0.952970976897,0.540606021881,0.00390636921293,0.09597706794700006
27,25,neutral,0.472950935364,-0.905911435286,0.548923015594,-0.0980559709464,0.07597208023000002
27,26,neutral,0.49245595932,-0.976500747703,0.576420068741,-0.396099734489,0.08396410942100002
27,27,congruent,0.437004804611,-0.952970976897,0.532983779907,-0.0588396862697,0.09597897529599997
27,28,incongruent,0.399913787842,-0.976500747703,0.491876840591,-0.262764366588,0.09196305274900002
27,29,congruent,0.37993812561,-0.984344004639,0.463958024979,-0.42747276223,0.084019899369
27,30,congruent,0.540481805801,-0.921597949156,0.624416828156,-0.0666829432051,0.08393502235499994
27,31,incongruent,0.632452011108,-0.913754692221,0.708448886871,-0.200018311106,0.07599687576300007
27,32,incongruent,0.651937961578,-0.976500747703,1.33988785744,-0.325510422071,0.687949895862
28,1,neutral,0.578186035156,-0.945127719962,0.674162149429,0.0588091677602,0.09597611427300001
28,2,incongruent,0.465021848679,-0.984344004639,0.557009935379,-0.3098239082,0.09198808670000003
28,3,neutral,0.427937984467,-0.921597949156,0.503952026367,-0.0823694570757,0.0760140419
28,4,incongruent,0.513056993484,-0.929441206091,0.605040073395,-0.0666829432051,0.09198307991099997
28,5,congruent,0.504153966904,-0.945127719962,0.612137079239,-0.0666829432051,0.10798311233499991
28,6,neutral,0.485006809235,-0.929441206091,0.580995798111,0.0823389385662,0.09598898887599999
28,7,incongruent,0.644985198975,-0.952970976897,0.736986160278,-0.184331797235,0.09200096130300006
28,8,congruent,0.604463100433,-0.921597949156,0.704455137253,0.341166417432,0.09999203682000002
28,9,congruent,0.632378101349,-0.952970976897,0.736345052719,-0.152958769494,0.10396695137
28,10,incongruent,0.823492050171,-0.937284463027,1.41952300072,-0.325510422071,0.5960309505489999
28,11,congruent,0.728803873062,-0.921597949156,0.884782075882,0.733329264199,0.15597820281999997
28,12,neutral,0.531836986542,-0.952970976897,0.635837078094,0.113711966308,0.10400009155200007
28,13,neutral,0.403918027878,-0.937284463027,0.487915992737,-0.286294137394,0.08399796485899996
28,14,congruent,0.452944993973,-0.937284463027,0.528914928436,0.341166417432,0.07596993446299999
28,15,incongruent,0.476959943771,-0.976500747703,0.568966150284,0.521561326945,0.09200620651300001
28,16,congruent,0.464932918549,-0.929441206091,0.556926012039,-0.145115512558,0.09199309349000007
28,17,neutral,0.567169904709,-0.968657490768,0.65914106369,0.309793389691,0.09197115898100006
28,18,incongruent,0.559733867645,-0.866695150609,0.651716947556,0.952940458388,0.09198307991099997
28,19,congruent,0.587620019913,-0.976500747703,0.707639932632,0.905880916776,0.12001991271900003
28,20,neutral,0.448860883713,-0.921597949156,0.548875808716,0.843134861293,0.10001492500299997
28,21,neutral,0.535419940948,-0.976500747703,0.611393928528,0.450972014527,0.07597398757999996
28,22,neutral,0.583268880844,-0.88238166448,0.667252063751,0.388225959044,0.08398318290700002
28,23,neutral,0.484461069107,-0.874538407544,0.528437137604,-0.403942991424,0.04397606849700003
28,24,neutral,0.828028202057,-0.866695150609,0.908010005951,0.403912472915,0.079981803894
28,25,congruent,0.552148103714,-0.921597949156,0.660166025162,0.27842036195,0.10801792144799993
28,26,neutral,0.612553119659,-0.929441206091,0.69654417038,0.152928250984,0.0839910507210001
28,27,neutral,0.443825960159,-0.937284463027,0.519809961319,0.0980254524369,0.07598400116000004
28,28,neutral,0.644891023636,-0.929441206091,0.744868993759,-0.0353099154637,0.09997797012299992
28,29,neutral,0.502520799637,-0.921597949156,0.602470874786,0.192144535661,0.099950075149
28,30,neutral,0.564553022385,-0.937284463027,0.640578985214,-0.435316019166,0.07602596282899998
28,31,incongruent,0.51687002182,-0.929441206091,0.616829872131,0.192144535661,0.09995985031100008
28,32,incongruent,0.571927070618,-0.929441206091,0.659898042679,0.427442243721,0.08797097206100002
29,1,incongruent,0.492699861526,-0.937284463027,0.576729774475,0.152928250984,0.08402991294899997
29,2,congruent,0.611730098724,-0.945127719962,0.731730937958,-0.200018311106,0.12000083923400007
29,3,incongruent,0.495975971222,-0.929441206091,0.575984954834,-0.129428998688,0.08000898361200004
29,4,congruent,0.528496980667,-0.945127719962,0.624509096146,0.599993896298,0.09601211547900002
29,5,neutral,0.353004932404,-0.937284463027,0.43705201149,-0.286294137394,0.08404707908600001
29,6,neutral,0.511625051498,-0.890224921415,0.619642019272,0.537247840815,0.10801696777400005
29,7,congruent,0.5365691185,-0.929441206091,0.660559177399,0.709799493393,0.12399005889900006
29,8,neutral,0.452970027924,-0.905911435286,0.528960943222,0.960783715323,0.07599091529800006
29,9,congruent,0.448939085007,-0.937284463027,0.61292719841,0.811761833552,0.16398811340299996
29,10,neutral,0.465011835098,-0.945127719962,0.557016849518,0.349009674368,0.09200501442000003
29,11,neutral,0.436882972717,-0.945127719962,0.536848068237,0.207831049532,0.09996509552000005
29,12,neutral,0.396775960922,-0.984344004639,0.492743015289,0.192144535661,0.09596705436699998
29,13,congruent,0.4158411026,-0.929441206091,0.49982213974,0.199987792596,0.08398103713999999
29,14,neutral,0.372914075851,-0.976500747703,0.464900016785,0.199987792596,0.09198594093399998
29,15,congruent,0.351940155029,-0.937284463027,0.463911056519,0.498031556139,0.11197090149
29,16,neutral,0.448729991913,-0.952970976897,0.540697813034,0.113711966308,0.09196782112099999
29,17,neutral,0.455660820007,-0.921597949156,0.539633989334,0.247047334208,0.083973169327
29,18,incongruent,0.612462043762,-0.929441206091,0.740473985672,0.207831049532,0.12801194190999998
29,19,congruent,0.495254993439,-0.945127719962,0.587214946747,0.474501785333,0.09195995330800005
29,20,neutral,0.56817817688,-0.937284463027,0.660165071487,-0.0509964293344,0.09198689460699994
29,21,neutral,0.587321996689,-0.921597949156,0.715327978134,0.756859035005,0.12800598144499997
29,22,neutral,0.464890003204,-0.89806817835,0.528877019882,1.0,0.063987016678
29,23,neutral,0.552757978439,-0.905911435286,0.636763095856,0.286263618885,0.08400511741700001
29,24,incongruent,0.596039056778,-0.929441206091,0.68004989624,-0.0980559709464,0.08401083946200005
29,25,neutral,0.596479892731,-0.913754692221,0.700465917587,-0.0353099154637,0.10398602485600006
29,26,congruent,0.523342847824,-0.929441206091,0.643362045288,0.0588091677602,0.12001919746400003
29,27,incongruent,0.421040058136,-0.952970976897,0.985049009323,0.0901821955016,0.564008951187
29,28,neutral,0.708786010742,-0.937284463027,0.820758104324,0.168614764855,0.111972093582
29,29,incongruent,0.372390985489,-0.874538407544,0.452389001846,0.788232062746,0.07999801635699999
29,30,incongruent,0.479500055313,-0.984344004639,0.583462953568,0.670583208716,0.10396289825500005
29,31,neutral,0.424066066742,-0.945127719962,0.500035047531,-0.184331797235,0.07596898078900005
29,32,incongruent,0.529084920883,-0.960814233833,0.613093137741,-0.41178624836,0.08400821685800008
30,1,congruent,0.704574108124,-0.913754692221,0.78062915802,0.105868709372,0.07605504989599998
30,2,neutral,0.496873855591,-0.929441206091,0.576859951019,-0.301980651265,0.079986095428
30,3,incongruent,0.400123119354,-0.945127719962,0.500108957291,0.301950132756,0.099985837937
30,4,incongruent,0.575875997543,-0.976500747703,0.687874078751,0.505874813074,0.11199808120800003
30,5,neutral,0.659898996353,-0.945127719962,0.743916034698,0.0901821955016,0.08401703834500007
30,6,neutral,0.463440895081,-0.905911435286,0.547417879105,0.309793389691,0.08397698402399995
30,7,neutral,0.476339101791,-0.937284463027,0.568325996399,0.0274361400189,0.09198689460800008
30,8,incongruent,0.463936090469,-0.929441206091,0.583889007568,-0.137272255623,0.11995291709900002
30,9,neutral,0.512943983078,-0.945127719962,0.604898929596,0.16077150792,0.09195494651799996
30,10,incongruent,0.695887088776,-0.929441206091,0.787859201431,-0.184331797235,0.09197211265499994
30,11,neutral,0.535580158234,-0.945127719962,0.62354516983,-0.113742484817,0.08796501159600001
30,12,congruent,0.507427930832,-0.960814233833,0.611413002014,0.364696188238,0.10398507118199996
30,13,incongruent,0.604871034622,-0.984344004639,0.70881986618,0.286263618885,0.10394883155800005
30,14,neutral,0.5006711483,-0.945127719962,0.600602149963,0.231360820338,0.09993100166299995
30,15,neutral,0.476003885269,-0.976500747703,0.579992055893,0.364696188238,0.10398817062399995
30,16,neutral,0.527844905853,-0.968657490768,0.651870012283,0.701956236457,0.12402510642999998
30,17,congruent,0.364032030106,-0.945127719962,0.491985082626,0.364696188238,0.12795305252
30,18,congruent,0.475265026093,-0.968657490768,0.567258119583,0.129398480178,0.09199309349000001
30,19,congruent,0.337072134018,-0.952970976897,0.44507598877,0.709799493393,0.10800385475199997
30,20,neutral,0.499451160431,-0.929441206091,0.58743596077,0.552934354686,0.08798480033900002
30,21,neutral,0.559912919998,-0.937284463027,0.651880979538,0.372539445173,0.09196805953999998
30,22,neutral,0.631460905075,-0.976500747703,0.73144698143,-0.207861568041,0.09998607635500001
30,23,congruent,0.527595043182,-0.960814233833,0.623601913452,0.247047334208,0.09600687026999999
30,24,incongruent,0.485041856766,-0.929441206091,0.589071989059,0.309793389691,0.10403013229300007
30,25,incongruent,0.727294921875,-0.929441206091,0.811278104782,0.129398480178,0.08398318290700002
30,26,incongruent,0.491954088211,-0.952970976897,0.575987100601,0.0352793969543,0.08403301239
30,27,neutral,0.465044975281,-0.921597949156,0.549066066742,0.41175572985,0.08402109146100001
30,28,neutral,0.576167821884,-0.937284463027,0.680166006088,0.537247840815,0.10399818420400009
30,29,congruent,0.412071943283,-0.968657490768,0.520055055618,0.364696188238,0.10798311233500002
30,30,neutral,0.548871994019,-0.952970976897,0.648844957352,0.17645802179,0.09997296333299999
30,31,congruent,0.532802820206,-0.976500747703,0.632793903351,0.129398480178,0.09999108314500005
30,32,neutral,0.604784011841,-0.937284463027,0.688793897629,-0.29413739433,0.08400988578800006
